-- ═══════════════════════════════════════════════════════════════════════════
-- MIGRATION: colunas novas na tabela sales (rodar ANTES da carga se o banco
-- já existia com o schema antigo)
-- ═══════════════════════════════════════════════════════════════════════════

-- Adiciona as novas colunas (safe: IF NOT EXISTS)
ALTER TABLE sales ADD COLUMN IF NOT EXISTS location_id uuid REFERENCES locations(id);
ALTER TABLE sales ADD COLUMN IF NOT EXISTS card_brand text DEFAULT '';
ALTER TABLE sales ADD COLUMN IF NOT EXISTS net_amount numeric DEFAULT 0;
ALTER TABLE sales ADD COLUMN IF NOT EXISTS down_payment_amount numeric DEFAULT 0;
ALTER TABLE sales ADD COLUMN IF NOT EXISTS down_payment_method text DEFAULT '';
ALTER TABLE sales ADD COLUMN IF NOT EXISTS notes text DEFAULT '';

-- Cria a tabela de locais (se não existir)
CREATE TABLE IF NOT EXISTS locations (
  id uuid PRIMARY KEY DEFAULT gen_random_uuid(),
  name text NOT NULL,
  is_default boolean DEFAULT false
);

-- RLS
ALTER TABLE locations ENABLE ROW LEVEL SECURITY;
CREATE POLICY IF NOT EXISTS "auth users" ON locations FOR ALL USING (auth.role() = 'authenticated');

-- ═══════════════════════════════════════════════════════════════
-- CARGA INICIAL - Dr. Murilo do Valle Estética
-- Gerado automaticamente a partir da planilha de entradas
-- Execute no Supabase SQL Editor
-- ═══════════════════════════════════════════════════════════════

-- ── LOCAIS ─────────────────────────────────────────────────────
INSERT INTO locations (id, name, is_default) VALUES ('9c5a12e0-1003-424f-b5f8-b38f94e6d722', 'Buffara', false);
INSERT INTO locations (id, name, is_default) VALUES ('d265682b-7f5e-4fba-b436-83da89c91aab', 'Carambeí', false);
INSERT INTO locations (id, name, is_default) VALUES ('191e21f4-daff-4df4-9b7c-4e95ca173d5b', 'Clínica', true);
INSERT INTO locations (id, name, is_default) VALUES ('9a278c6a-9425-4319-9463-f850ebfd6f3d', 'Floripa', false);
INSERT INTO locations (id, name, is_default) VALUES ('de60a341-e609-4aec-9145-af3cc6351b8a', 'Oris', false);
INSERT INTO locations (id, name, is_default) VALUES ('f10b3675-1fb8-48b5-b332-2a3859868c53', 'Ponta Grossa', false);

-- ── PACIENTES ──────────────────────────────────────────────────
INSERT INTO patients (id, name, phone, email, birthdate, notes, status) VALUES ('a0441520-718d-4711-8934-820b519486bb', 'Adriano Baran', '', '', NULL, '', 'ok');
INSERT INTO patients (id, name, phone, email, birthdate, notes, status) VALUES ('def64b13-f2e4-463c-b7a9-dd4ac56b9c10', 'Alessandro Siqueira', '', '', NULL, '', 'ok');
INSERT INTO patients (id, name, phone, email, birthdate, notes, status) VALUES ('248fe4ce-fd93-44b9-aac6-47067e3856aa', 'Amanda Bombassaro', '', '', NULL, '', 'ok');
INSERT INTO patients (id, name, phone, email, birthdate, notes, status) VALUES ('78db4d2f-d9ef-4c18-9686-35be333c59c9', 'Ana Carolina Daros', '', '', NULL, '', 'ok');
INSERT INTO patients (id, name, phone, email, birthdate, notes, status) VALUES ('698800bf-647c-4bb1-97d8-98dad768b266', 'Ana Carolina Domanski', '', '', NULL, '', 'ok');
INSERT INTO patients (id, name, phone, email, birthdate, notes, status) VALUES ('98d30ddd-0a53-45d8-bf9f-0089a175dcf7', 'André Fontes', '', '', NULL, '', 'ok');
INSERT INTO patients (id, name, phone, email, birthdate, notes, status) VALUES ('6e2445cf-8967-4c4a-a41d-b39213aaa3a5', 'André Tomazini', '', '', NULL, '', 'ok');
INSERT INTO patients (id, name, phone, email, birthdate, notes, status) VALUES ('dd474d54-4c73-487e-9ea3-92f140ae56b7', 'Arethusa Baroni', '', '', NULL, '', 'ok');
INSERT INTO patients (id, name, phone, email, birthdate, notes, status) VALUES ('1b4e1b46-acd8-4fb8-bed2-626740781f57', 'Ariane Baran', '', '', NULL, '', 'ok');
INSERT INTO patients (id, name, phone, email, birthdate, notes, status) VALUES ('7e4bfd38-8458-4bab-886a-5901b9599ce3', 'Arlete Rosana Pontes', '', '', NULL, '', 'ok');
INSERT INTO patients (id, name, phone, email, birthdate, notes, status) VALUES ('d74c470f-1b14-4818-af84-74769a17f5b0', 'Bete Tibagi', '', '', NULL, '', 'ok');
INSERT INTO patients (id, name, phone, email, birthdate, notes, status) VALUES ('0b6f5fcc-c39b-4cb8-adf5-a5f768ac55d3', 'Bruna', '', '', NULL, '', 'ok');
INSERT INTO patients (id, name, phone, email, birthdate, notes, status) VALUES ('8c01f5be-19ab-4742-a9cb-d0dd7128a933', 'Camila Greidanus Nolte', '', '', NULL, '', 'ok');
INSERT INTO patients (id, name, phone, email, birthdate, notes, status) VALUES ('84bbebfa-d10f-4227-8d4d-4faf0b4c93c3', 'Camila Magalhães', '', '', NULL, '', 'ok');
INSERT INTO patients (id, name, phone, email, birthdate, notes, status) VALUES ('072f2775-aac0-4b71-bb3e-f25dfb1b3db6', 'Camila Nolte', '', '', NULL, '', 'ok');
INSERT INTO patients (id, name, phone, email, birthdate, notes, status) VALUES ('2d2c456c-1c4b-45a2-99b8-520b195274f9', 'Caroline Kukolj', '', '', NULL, '', 'ok');
INSERT INTO patients (id, name, phone, email, birthdate, notes, status) VALUES ('0f25dadf-319d-4368-8388-6ddf5eaf562e', 'Cheila', '', '', NULL, '', 'ok');
INSERT INTO patients (id, name, phone, email, birthdate, notes, status) VALUES ('d8e23fed-e2bf-4499-a77b-b6104c858023', 'Christiane Gaase', '', '', NULL, '', 'ok');
INSERT INTO patients (id, name, phone, email, birthdate, notes, status) VALUES ('6e70d758-be11-4717-9cc5-afbfce0dfb7c', 'Crislaine Schimitt', '', '', NULL, '', 'ok');
INSERT INTO patients (id, name, phone, email, birthdate, notes, status) VALUES ('ca372dcd-4388-45d8-8132-87184d93bb5a', 'Cássia Lukcow', '', '', NULL, '', 'ok');
INSERT INTO patients (id, name, phone, email, birthdate, notes, status) VALUES ('05b94441-84f2-49a5-93b6-1e18cb72468a', 'Daniela Martins Floripa', '', '', NULL, '', 'ok');
INSERT INTO patients (id, name, phone, email, birthdate, notes, status) VALUES ('a872ca8b-458a-4f54-b83c-7b481a65f37f', 'Danielle Dalledone', '', '', NULL, '', 'ok');
INSERT INTO patients (id, name, phone, email, birthdate, notes, status) VALUES ('ed4b4bef-6c1d-4dee-b6ba-4d43bffc0a48', 'Darlan Ortega', '', '', NULL, '', 'ok');
INSERT INTO patients (id, name, phone, email, birthdate, notes, status) VALUES ('40cf1da5-290c-4edb-82f0-fe708b15a754', 'Debora da Silva', '', '', NULL, '', 'ok');
INSERT INTO patients (id, name, phone, email, birthdate, notes, status) VALUES ('6f8a7659-48c6-4e0a-8671-911cc5d0fa73', 'Desconhecido', '', '', NULL, '', 'ok');
INSERT INTO patients (id, name, phone, email, birthdate, notes, status) VALUES ('dabbbfd9-a5ba-4c23-8308-96726032d011', 'Diogo Gutierrez', '', '', NULL, '', 'ok');
INSERT INTO patients (id, name, phone, email, birthdate, notes, status) VALUES ('d61448eb-b7e9-4c7b-8d1e-bac5e933fe8a', 'Eduarda Correa', '', '', NULL, '', 'ok');
INSERT INTO patients (id, name, phone, email, birthdate, notes, status) VALUES ('d5f658c6-d5b0-41f9-884b-48817d3a7f75', 'Eduarda Leal Floripa', '', '', NULL, '', 'ok');
INSERT INTO patients (id, name, phone, email, birthdate, notes, status) VALUES ('baf9b52d-576f-49de-a599-d397d1d639b6', 'Eduardo Marcondes', '', '', NULL, '', 'ok');
INSERT INTO patients (id, name, phone, email, birthdate, notes, status) VALUES ('39d98358-da9f-4326-9925-83933bd886b8', 'Eliane de Geus', '', '', NULL, '', 'ok');
INSERT INTO patients (id, name, phone, email, birthdate, notes, status) VALUES ('2a9f170b-40b7-4dee-bbe9-08e580aed35a', 'Elizandra Babireski', '', '', NULL, '', 'ok');
INSERT INTO patients (id, name, phone, email, birthdate, notes, status) VALUES ('d1b858f2-7a35-4383-b1c3-9fd31f33945f', 'Erika Felizardo', '', '', NULL, '', 'ok');
INSERT INTO patients (id, name, phone, email, birthdate, notes, status) VALUES ('c1ac2e68-c5ad-44da-9292-b376ca7cb534', 'Evelin', '', '', NULL, '', 'ok');
INSERT INTO patients (id, name, phone, email, birthdate, notes, status) VALUES ('434de88f-1dc3-4f87-b135-b76a21cba1eb', 'Fabiana Chipanski', '', '', NULL, '', 'ok');
INSERT INTO patients (id, name, phone, email, birthdate, notes, status) VALUES ('c196a727-e7df-4fe0-899b-1949c273ab11', 'Fernanda Garanhani', '', '', NULL, '', 'ok');
INSERT INTO patients (id, name, phone, email, birthdate, notes, status) VALUES ('46e7c8e6-3bb7-4e42-b9c9-c88f9889c2b8', 'Francini Medina Vieira', '', '', NULL, '', 'ok');
INSERT INTO patients (id, name, phone, email, birthdate, notes, status) VALUES ('642ec3ed-1b61-42fa-9a61-13cc74115aab', 'Gabriel Andrade', '', '', NULL, '', 'ok');
INSERT INTO patients (id, name, phone, email, birthdate, notes, status) VALUES ('9c587160-0a3c-4fc2-adc8-26d1cdde2572', 'Gabriela Bett', '', '', NULL, '', 'ok');
INSERT INTO patients (id, name, phone, email, birthdate, notes, status) VALUES ('2a0d69b9-2991-4075-846d-ce68411ef664', 'Gabriela Nasaro Aunhão', '', '', NULL, '', 'ok');
INSERT INTO patients (id, name, phone, email, birthdate, notes, status) VALUES ('e87d3701-9043-427e-bcdf-50135456ccb7', 'Giovana', '', '', NULL, '', 'ok');
INSERT INTO patients (id, name, phone, email, birthdate, notes, status) VALUES ('82a209e0-2b3a-498a-abc4-3e5506661cfe', 'Gisele (tia Leo)', '', '', NULL, '', 'ok');
INSERT INTO patients (id, name, phone, email, birthdate, notes, status) VALUES ('616448bb-d310-4183-b6a4-4c72a38e4ae7', 'Giuliano Wendler', '', '', NULL, '', 'ok');
INSERT INTO patients (id, name, phone, email, birthdate, notes, status) VALUES ('b7ac821a-b608-4c2b-87b2-ec614541c1d5', 'Gracia Regina Bertotti', '', '', NULL, '', 'ok');
INSERT INTO patients (id, name, phone, email, birthdate, notes, status) VALUES ('c1bc7a7e-52b1-42c2-90ab-e2781bc39d67', 'Guilherme Amorin', '', '', NULL, '', 'ok');
INSERT INTO patients (id, name, phone, email, birthdate, notes, status) VALUES ('23843f93-5c35-4ca1-875a-6d496a187045', 'Gustabo Abboud', '', '', NULL, '', 'ok');
INSERT INTO patients (id, name, phone, email, birthdate, notes, status) VALUES ('f0d7d021-8946-4884-b35b-efca8e627f1b', 'Gustavo Zavorne', '', '', NULL, '', 'ok');
INSERT INTO patients (id, name, phone, email, birthdate, notes, status) VALUES ('3e6d49b5-3296-474d-802c-6c43aba22136', 'Helio Martins', '', '', NULL, '', 'ok');
INSERT INTO patients (id, name, phone, email, birthdate, notes, status) VALUES ('e342264b-b1a5-4800-a9e3-61eb2421fed3', 'Hellen Felizardo', '', '', NULL, '', 'ok');
INSERT INTO patients (id, name, phone, email, birthdate, notes, status) VALUES ('7ef655be-65fe-4f88-80cd-67cfefc70b31', 'Ilda Gomes', '', '', NULL, '', 'ok');
INSERT INTO patients (id, name, phone, email, birthdate, notes, status) VALUES ('833271e4-f437-4d3a-93a3-93b9ce04a054', 'Isadora Rosseto', '', '', NULL, '', 'ok');
INSERT INTO patients (id, name, phone, email, birthdate, notes, status) VALUES ('08e04652-abcf-47a1-8af6-eebfcdfaa9d0', 'Jacqueline Lima', '', '', NULL, '', 'ok');
INSERT INTO patients (id, name, phone, email, birthdate, notes, status) VALUES ('51a141ae-96fa-4e11-9a22-846f2ed1fb24', 'Jane Aparecida', '', '', NULL, '', 'ok');
INSERT INTO patients (id, name, phone, email, birthdate, notes, status) VALUES ('bc587b79-71ce-4048-ab08-41ae76bc72e2', 'Janete Tibagi', '', '', NULL, '', 'ok');
INSERT INTO patients (id, name, phone, email, birthdate, notes, status) VALUES ('c50b920b-d58e-4cff-bb8a-c4bfb1d143ec', 'Janice', '', '', NULL, '', 'ok');
INSERT INTO patients (id, name, phone, email, birthdate, notes, status) VALUES ('3a277af6-28e2-4d20-9d02-93e07bd9d802', 'Janio Vriesman', '', '', NULL, '', 'ok');
INSERT INTO patients (id, name, phone, email, birthdate, notes, status) VALUES ('44412bd0-3987-49c3-b6f3-d1e4497cb038', 'Jessica Toyonaga', '', '', NULL, '', 'ok');
INSERT INTO patients (id, name, phone, email, birthdate, notes, status) VALUES ('185c5ebe-df07-4ec5-ac27-2cfad63eaf86', 'Jiane Alves Floripa', '', '', NULL, '', 'ok');
INSERT INTO patients (id, name, phone, email, birthdate, notes, status) VALUES ('eb7c71ee-e10e-4124-89fd-11fe60fd9296', 'Jocilene Alves Flores', '', '', NULL, '', 'ok');
INSERT INTO patients (id, name, phone, email, birthdate, notes, status) VALUES ('966ba574-627a-4598-b456-c6f4e142cd5d', 'John', '', '', NULL, '', 'ok');
INSERT INTO patients (id, name, phone, email, birthdate, notes, status) VALUES ('ad066a15-4690-43d6-baa4-6e41e763b0c0', 'Jordana Correa', '', '', NULL, '', 'ok');
INSERT INTO patients (id, name, phone, email, birthdate, notes, status) VALUES ('d6a58459-0411-4af3-9a11-f16a989fc1f5', 'Joseli Candidor', '', '', NULL, '', 'ok');
INSERT INTO patients (id, name, phone, email, birthdate, notes, status) VALUES ('8a02001f-f50e-477a-a945-a51117392b13', 'Jéssica Fernanda', '', '', NULL, '', 'ok');
INSERT INTO patients (id, name, phone, email, birthdate, notes, status) VALUES ('e3afe6ac-6941-4ec8-911d-376cf9727e85', 'Keila Taraczuk', '', '', NULL, '', 'ok');
INSERT INTO patients (id, name, phone, email, birthdate, notes, status) VALUES ('b0d48468-2001-4f9f-8812-f708b6295b7a', 'Laura (buffara)', '', '', NULL, '', 'ok');
INSERT INTO patients (id, name, phone, email, birthdate, notes, status) VALUES ('077e7b7c-e617-4038-8ffe-f6000106c932', 'Leni', '', '', NULL, '', 'ok');
INSERT INTO patients (id, name, phone, email, birthdate, notes, status) VALUES ('6978960a-1bcf-4a8c-bd77-be53fa86ac21', 'Lorena Delezuk', '', '', NULL, '', 'ok');
INSERT INTO patients (id, name, phone, email, birthdate, notes, status) VALUES ('e14c4073-99cf-449f-9013-5b555642b71c', 'Luciano Pires', '', '', NULL, '', 'ok');
INSERT INTO patients (id, name, phone, email, birthdate, notes, status) VALUES ('bd5dd942-ea1c-41ce-8403-1db72418f79f', 'Maickol Kulkolj', '', '', NULL, '', 'ok');
INSERT INTO patients (id, name, phone, email, birthdate, notes, status) VALUES ('868c9412-89ab-4bfa-91a0-b303fd790734', 'Marcel Duenhas', '', '', NULL, '', 'ok');
INSERT INTO patients (id, name, phone, email, birthdate, notes, status) VALUES ('759f3805-5ea1-4660-85a9-70d38ba975e9', 'Marcelo Gomes', '', '', NULL, '', 'ok');
INSERT INTO patients (id, name, phone, email, birthdate, notes, status) VALUES ('d562ecf5-dbc6-4c82-8690-63ee0392b36f', 'Marcio', '', '', NULL, '', 'ok');
INSERT INTO patients (id, name, phone, email, birthdate, notes, status) VALUES ('07d3bb34-2a88-4543-a2ac-5eb5d1d7187c', 'Marco Polo', '', '', NULL, '', 'ok');
INSERT INTO patients (id, name, phone, email, birthdate, notes, status) VALUES ('31f3f370-81f7-45c3-901f-f23fcb5457d3', 'Maria Eduarda Vriesman', '', '', NULL, '', 'ok');
INSERT INTO patients (id, name, phone, email, birthdate, notes, status) VALUES ('5153026d-86a8-498a-af61-88d56103cc1a', 'Maria Letícia', '', '', NULL, '', 'ok');
INSERT INTO patients (id, name, phone, email, birthdate, notes, status) VALUES ('d29890ee-d387-40eb-879e-022508f6be50', 'Maria Vink', '', '', NULL, '', 'ok');
INSERT INTO patients (id, name, phone, email, birthdate, notes, status) VALUES ('ed45ca85-0c6c-443b-8611-a96b94e1177b', 'Mariana Hidalgo', '', '', NULL, '', 'ok');
INSERT INTO patients (id, name, phone, email, birthdate, notes, status) VALUES ('cc0857c7-2d6d-4e81-9c2a-e975fc467f07', 'Marido Jessica', '', '', NULL, '', 'ok');
INSERT INTO patients (id, name, phone, email, birthdate, notes, status) VALUES ('b8b7b731-506c-42ee-b048-c00ccf045d20', 'Marina Koppe Malanski', '', '', NULL, '', 'ok');
INSERT INTO patients (id, name, phone, email, birthdate, notes, status) VALUES ('dc11e58e-8e3c-4535-884e-5f0a5fd18824', 'Marília Davascio', '', '', NULL, '', 'ok');
INSERT INTO patients (id, name, phone, email, birthdate, notes, status) VALUES ('41ed164e-e44f-40eb-8933-2dbbc2be0b84', 'Marília Garcia', '', '', NULL, '', 'ok');
INSERT INTO patients (id, name, phone, email, birthdate, notes, status) VALUES ('dba2c3fa-774f-4243-9a85-5a51a3c9e250', 'Matheus Carneiro', '', '', NULL, '', 'ok');
INSERT INTO patients (id, name, phone, email, birthdate, notes, status) VALUES ('5c56c0e7-698a-470a-afcc-a20b7dcadf40', 'Melissa', '', '', NULL, '', 'ok');
INSERT INTO patients (id, name, phone, email, birthdate, notes, status) VALUES ('d63ec82a-cc93-4505-9138-fd673da34417', 'Melissa Oris', '', '', NULL, '', 'ok');
INSERT INTO patients (id, name, phone, email, birthdate, notes, status) VALUES ('e9e65fe2-4b66-4f0f-be5f-c75169584cc7', 'Natacha Melo', '', '', NULL, '', 'ok');
INSERT INTO patients (id, name, phone, email, birthdate, notes, status) VALUES ('542058f7-6895-4d97-9b24-7d65de8673ee', 'Nayara Vriesman', '', '', NULL, '', 'ok');
INSERT INTO patients (id, name, phone, email, birthdate, notes, status) VALUES ('a54fae50-7202-44f5-a6a5-8c14d3bb1fb1', 'Neide', '', '', NULL, '', 'ok');
INSERT INTO patients (id, name, phone, email, birthdate, notes, status) VALUES ('c506b21b-d3f0-428a-b27e-0c9600680ffc', 'Neusa', '', '', NULL, '', 'ok');
INSERT INTO patients (id, name, phone, email, birthdate, notes, status) VALUES ('9fa87ec7-e23f-4841-8cd5-296c379581ae', 'Pamela Ferreira', '', '', NULL, '', 'ok');
INSERT INTO patients (id, name, phone, email, birthdate, notes, status) VALUES ('e45fdc32-461b-417d-b5cc-9f46ee141fb0', 'Paola Musiat', '', '', NULL, '', 'ok');
INSERT INTO patients (id, name, phone, email, birthdate, notes, status) VALUES ('c953b836-7539-4032-997a-d764932c847c', 'Pedro França', '', '', NULL, '', 'ok');
INSERT INTO patients (id, name, phone, email, birthdate, notes, status) VALUES ('e7866859-0cfe-4217-af2c-c58257f9ddf8', 'Rafaella Stedile', '', '', NULL, '', 'ok');
INSERT INTO patients (id, name, phone, email, birthdate, notes, status) VALUES ('910d11cb-b105-47f7-80fb-896742dc174a', 'Raissa Rodrigues', '', '', NULL, '', 'ok');
INSERT INTO patients (id, name, phone, email, birthdate, notes, status) VALUES ('a85e6c22-680a-4f68-9370-38b1293c3dab', 'Raylson Camara', '', '', NULL, '', 'ok');
INSERT INTO patients (id, name, phone, email, birthdate, notes, status) VALUES ('1288e1fb-e5f6-4a0b-ab89-61aa47ce4920', 'Regiane', '', '', NULL, '', 'ok');
INSERT INTO patients (id, name, phone, email, birthdate, notes, status) VALUES ('afc71503-8a79-4f72-8fe6-699bcb6ebad7', 'Reinaldo Francisco', '', '', NULL, '', 'ok');
INSERT INTO patients (id, name, phone, email, birthdate, notes, status) VALUES ('c96742f3-12f1-4c15-a8ee-ce9efb6936b1', 'Ricardo Bosh', '', '', NULL, '', 'ok');
INSERT INTO patients (id, name, phone, email, birthdate, notes, status) VALUES ('0c8bda95-97fe-41cd-843d-65d05768d10b', 'Ricardo Nentwig', '', '', NULL, '', 'ok');
INSERT INTO patients (id, name, phone, email, birthdate, notes, status) VALUES ('f246b489-7d5d-4a17-881d-a9f4e32605ef', 'Robin Vink', '', '', NULL, '', 'ok');
INSERT INTO patients (id, name, phone, email, birthdate, notes, status) VALUES ('3b5e885a-8740-4f52-863e-fc7a8f9c9060', 'Rosimara Reis', '', '', NULL, '', 'ok');
INSERT INTO patients (id, name, phone, email, birthdate, notes, status) VALUES ('8246488b-ea2d-4e92-808d-5369bb42d697', 'Sabrina Bittencout', '', '', NULL, '', 'ok');
INSERT INTO patients (id, name, phone, email, birthdate, notes, status) VALUES ('90326666-866d-4479-844c-47e8c56193b6', 'Samanta', '', '', NULL, '', 'ok');
INSERT INTO patients (id, name, phone, email, birthdate, notes, status) VALUES ('4efcb27c-9a96-40e0-914f-fdc30b7b433a', 'Samara', '', '', NULL, '', 'ok');
INSERT INTO patients (id, name, phone, email, birthdate, notes, status) VALUES ('95cecfd2-a6b0-4b2d-8ec2-6b7fa1b6c6ad', 'Stéfanie Nolte', '', '', NULL, '', 'ok');
INSERT INTO patients (id, name, phone, email, birthdate, notes, status) VALUES ('5dc46db3-ef04-434d-bc8e-a45536a1020a', 'Sueli (mãe Thabata)', '', '', NULL, '', 'ok');
INSERT INTO patients (id, name, phone, email, birthdate, notes, status) VALUES ('36aa50f7-2d8c-414d-a0c7-ab77ccee77c6', 'Telma Lourenço', '', '', NULL, '', 'ok');
INSERT INTO patients (id, name, phone, email, birthdate, notes, status) VALUES ('85bc53b5-a84f-4dde-a321-07469bf00b18', 'Teresa (mãe Janice', '', '', NULL, '', 'ok');
INSERT INTO patients (id, name, phone, email, birthdate, notes, status) VALUES ('b9a7e062-a7b9-4b7c-a7db-79a206b17b8f', 'Thábata Beatrice', '', '', NULL, '', 'ok');
INSERT INTO patients (id, name, phone, email, birthdate, notes, status) VALUES ('55e71fbd-3e8d-4dcb-bf14-97b79ebe4833', 'Uli', '', '', NULL, '', 'ok');
INSERT INTO patients (id, name, phone, email, birthdate, notes, status) VALUES ('58357cfd-6ac1-4d5d-af34-83c9e22cf368', 'Veridiana Alves', '', '', NULL, '', 'ok');
INSERT INTO patients (id, name, phone, email, birthdate, notes, status) VALUES ('e0a0689c-d8c7-4b86-ac60-6b341d850351', 'Vilma Sanches', '', '', NULL, '', 'ok');
INSERT INTO patients (id, name, phone, email, birthdate, notes, status) VALUES ('fb2ade7c-6ec0-4502-888d-5249cd5c295b', 'Walkelly Schmidke', '', '', NULL, '', 'ok');
INSERT INTO patients (id, name, phone, email, birthdate, notes, status) VALUES ('2ce17549-c5c1-4f8d-9177-09bb751caf33', 'Érica Hermes', '', '', NULL, '', 'ok');

-- ── PROCEDIMENTOS ──────────────────────────────────────────────
INSERT INTO services (id, name, price, duration, active, needs_return, return_type, return_days, return_note) VALUES ('e659b4bf-e7e4-43ea-8db6-756bd6c3e618', 'Bioestimulador', 0, 60, true, false, '', 0, '');
INSERT INTO services (id, name, price, duration, active, needs_return, return_type, return_days, return_note) VALUES ('ea71da92-d37c-414a-a783-360a25933755', 'Botox', 0, 60, true, false, '', 0, '');
INSERT INTO services (id, name, price, duration, active, needs_return, return_type, return_days, return_note) VALUES ('4b7e6a43-0f96-47df-88e3-4166d1ae8c06', 'Botox 365', 0, 60, true, false, '', 0, '');
INSERT INTO services (id, name, price, duration, active, needs_return, return_type, return_days, return_note) VALUES ('31c43d31-1592-4ca3-909c-a63697fa95c2', 'Botox Pescoço', 0, 60, true, false, '', 0, '');
INSERT INTO services (id, name, price, duration, active, needs_return, return_type, return_days, return_note) VALUES ('01878e37-0523-4964-b063-95803a53e939', 'Botox gengival', 0, 60, true, false, '', 0, '');
INSERT INTO services (id, name, price, duration, active, needs_return, return_type, return_days, return_note) VALUES ('5098c666-3e63-41b4-a471-871ccf506745', 'Código de Barras', 0, 60, true, false, '', 0, '');
INSERT INTO services (id, name, price, duration, active, needs_return, return_type, return_days, return_note) VALUES ('3a205eac-ecf2-48b9-b8f5-3413c8e3eb44', 'Harmonização', 0, 60, true, false, '', 0, '');
INSERT INTO services (id, name, price, duration, active, needs_return, return_type, return_days, return_note) VALUES ('c8592594-31d5-4146-94f1-ec38d7b53d39', 'Hialuronidase', 0, 60, true, false, '', 0, '');
INSERT INTO services (id, name, price, duration, active, needs_return, return_type, return_days, return_note) VALUES ('b8d7cb66-92fb-468b-b961-74ef8cf5624a', 'Lipo de papada', 0, 60, true, false, '', 0, '');
INSERT INTO services (id, name, price, duration, active, needs_return, return_type, return_days, return_note) VALUES ('308c7a51-9fe4-4be7-934b-b2864273468c', 'Malar', 0, 60, true, false, '', 0, '');
INSERT INTO services (id, name, price, duration, active, needs_return, return_type, return_days, return_note) VALUES ('27ff3294-5f9d-433a-b49c-e109fca8793e', 'Marionete', 0, 60, true, false, '', 0, '');
INSERT INTO services (id, name, price, duration, active, needs_return, return_type, return_days, return_note) VALUES ('02084f20-0f66-4fa4-b137-3737f0c74984', 'Mento', 0, 60, true, false, '', 0, '');
INSERT INTO services (id, name, price, duration, active, needs_return, return_type, return_days, return_note) VALUES ('9290f2d1-3cec-49da-bc13-4a0af805285a', 'Olheiras', 0, 60, true, false, '', 0, '');
INSERT INTO services (id, name, price, duration, active, needs_return, return_type, return_days, return_note) VALUES ('308aeb04-c5f8-4dd1-bda7-cbc978e1b862', 'Outros', 0, 60, true, false, '', 0, '');
INSERT INTO services (id, name, price, duration, active, needs_return, return_type, return_days, return_note) VALUES ('085f5fa1-85c3-4d27-8bc9-b237ced1e47b', 'PDRN', 0, 60, true, false, '', 0, '');
INSERT INTO services (id, name, price, duration, active, needs_return, return_type, return_days, return_note) VALUES ('17cedb70-32e1-4f56-ab7c-8a7f36c3d8b4', 'Preenc.  Mento', 0, 60, true, false, '', 0, '');
INSERT INTO services (id, name, price, duration, active, needs_return, return_type, return_days, return_note) VALUES ('c052607d-ad79-4e86-83b8-9dc2fb5ce843', 'Preenc. Nariz', 0, 60, true, false, '', 0, '');
INSERT INTO services (id, name, price, duration, active, needs_return, return_type, return_days, return_note) VALUES ('6973afb5-839c-49fa-8369-98bbd086a789', 'Preench Contorno', 0, 60, true, false, '', 0, '');
INSERT INTO services (id, name, price, duration, active, needs_return, return_type, return_days, return_note) VALUES ('ba1814f5-3258-4b53-ace4-ea3feb5655d2', 'Preenchimento', 0, 60, true, false, '', 0, '');
INSERT INTO services (id, name, price, duration, active, needs_return, return_type, return_days, return_note) VALUES ('59c0fa24-0159-411b-8941-d1389f5a559c', 'Preenchimento Labial', 0, 60, true, false, '', 0, '');
INSERT INTO services (id, name, price, duration, active, needs_return, return_type, return_days, return_note) VALUES ('53a24ab5-8b46-46fc-bda1-c071a79757e7', 'Preenchimento estrutural', 0, 60, true, false, '', 0, '');
INSERT INTO services (id, name, price, duration, active, needs_return, return_type, return_days, return_note) VALUES ('eeab7b42-6c09-479a-9e93-0aed61774e41', 'Protocolo Bioestimulador', 0, 60, true, false, '', 0, '');
INSERT INTO services (id, name, price, duration, active, needs_return, return_type, return_days, return_note) VALUES ('a134f1ce-4c8e-4f77-8686-16161b88b930', 'Rinomodelação', 0, 60, true, false, '', 0, '');
INSERT INTO services (id, name, price, duration, active, needs_return, return_type, return_days, return_note) VALUES ('ff11c245-698f-4134-9163-1889341064f0', 'Skinbooster', 0, 60, true, false, '', 0, '');
INSERT INTO services (id, name, price, duration, active, needs_return, return_type, return_days, return_note) VALUES ('48d32e9a-f5c0-4d3b-9111-b1f71ef0ac02', 'Sulco Nasogeniano', 0, 60, true, false, '', 0, '');
INSERT INTO services (id, name, price, duration, active, needs_return, return_type, return_days, return_note) VALUES ('12e8757c-d161-4341-bc86-171c69af386a', 'Tempora', 0, 60, true, false, '', 0, '');
INSERT INTO services (id, name, price, duration, active, needs_return, return_type, return_days, return_note) VALUES ('1fac3a2b-604b-4ece-a49d-56751961171f', 'Ultraformer', 0, 60, true, false, '', 0, '');
INSERT INTO services (id, name, price, duration, active, needs_return, return_type, return_days, return_note) VALUES ('43be9ec5-b407-4059-a04a-b7aaf599401b', 'Zigomático', 0, 60, true, false, '', 0, '');

-- ── PRODUTOS ───────────────────────────────────────────────────
INSERT INTO products (id, name, unit, total_qty, avg_cost, min_stock) VALUES ('f7e75196-8dfb-40a1-85bb-cb5cd9d1da6e', '5ml', 'un', 0, 0, 0);
INSERT INTO products (id, name, unit, total_qty, avg_cost, min_stock) VALUES ('2b73cb61-69cc-42b3-9da9-ad51d8cfe2a3', 'Belotero Intense', 'un', 0, 0, 0);
INSERT INTO products (id, name, unit, total_qty, avg_cost, min_stock) VALUES ('74a7d1b2-ffaa-4e6e-99ca-238082e4d9cc', 'Botox', 'un', 0, 0, 0);
INSERT INTO products (id, name, unit, total_qty, avg_cost, min_stock) VALUES ('8b2e24a2-838c-409f-a12e-48f4b50af7e0', 'Classico', 'un', 0, 0, 0);
INSERT INTO products (id, name, unit, total_qty, avg_cost, min_stock) VALUES ('cac5441d-0fd8-4c10-9beb-68130e04cdc6', 'Clássico', 'un', 0, 0, 0);
INSERT INTO products (id, name, unit, total_qty, avg_cost, min_stock) VALUES ('18727f89-f1c2-47f6-a51a-ef8180bdfa8d', 'Contour', 'un', 0, 0, 0);
INSERT INTO products (id, name, unit, total_qty, avg_cost, min_stock) VALUES ('6172b3b1-9472-45dd-a036-c9dccf7fda8d', 'Defyne', 'un', 0, 0, 0);
INSERT INTO products (id, name, unit, total_qty, avg_cost, min_stock) VALUES ('0ffbf799-9da4-4f0a-ba23-658cb10e40d4', 'Dysport', 'un', 0, 0, 0);
INSERT INTO products (id, name, unit, total_qty, avg_cost, min_stock) VALUES ('a2d322b9-05e9-44f8-aa8e-4c162a452753', 'Elleva', 'un', 0, 0, 0);
INSERT INTO products (id, name, unit, total_qty, avg_cost, min_stock) VALUES ('b35d4f9e-4cdd-480d-b59a-9dd9516fa899', 'Kysse', 'un', 0, 0, 0);
INSERT INTO products (id, name, unit, total_qty, avg_cost, min_stock) VALUES ('3d5036a9-d995-4853-8f5d-03e1f8be29b6', 'Lift Plus', 'un', 0, 0, 0);
INSERT INTO products (id, name, unit, total_qty, avg_cost, min_stock) VALUES ('f5877158-bc04-476c-baa0-da2bca288f39', 'Lyft', 'un', 0, 0, 0);
INSERT INTO products (id, name, unit, total_qty, avg_cost, min_stock) VALUES ('8163f95a-a930-450e-a67e-f9e7e6061a10', 'PDRN EVO', 'un', 0, 0, 0);
INSERT INTO products (id, name, unit, total_qty, avg_cost, min_stock) VALUES ('4fcae932-3b8e-4ebf-aa4f-1d07a607251c', 'Phd', 'un', 0, 0, 0);
INSERT INTO products (id, name, unit, total_qty, avg_cost, min_stock) VALUES ('192dcac2-7ca7-4678-a284-1240f9651960', 'Radiesse', 'un', 0, 0, 0);
INSERT INTO products (id, name, unit, total_qty, avg_cost, min_stock) VALUES ('50b26770-e479-47bb-aff8-7bc881c6abb4', 'Radiesse Plus', 'un', 0, 0, 0);
INSERT INTO products (id, name, unit, total_qty, avg_cost, min_stock) VALUES ('1bf46475-7bc9-4af9-952b-7bc27afac845', 'Sculpta', 'un', 0, 0, 0);
INSERT INTO products (id, name, unit, total_qty, avg_cost, min_stock) VALUES ('0974ed72-51f4-4458-8621-2ce4594e222d', 'Sculptra', 'un', 0, 0, 0);
INSERT INTO products (id, name, unit, total_qty, avg_cost, min_stock) VALUES ('35680250-f562-44e6-80f8-e0379cd7cdee', 'Sculptra, PDRN, Skin', 'un', 0, 0, 0);
INSERT INTO products (id, name, unit, total_qty, avg_cost, min_stock) VALUES ('024999c9-1ae5-4138-b9f4-47a288ac1c0b', 'Skinbooster', 'un', 0, 0, 0);
INSERT INTO products (id, name, unit, total_qty, avg_cost, min_stock) VALUES ('6f0036b6-dfae-4dd3-83fd-51c4df712f8e', 'Skinvive', 'un', 0, 0, 0);
INSERT INTO products (id, name, unit, total_qty, avg_cost, min_stock) VALUES ('0a9cdc36-d9bd-4986-ad4c-e31e62a9e623', 'Ultra Xc Plus', 'un', 0, 0, 0);
INSERT INTO products (id, name, unit, total_qty, avg_cost, min_stock) VALUES ('76ae5cde-a3d1-474b-957a-3dda2eea0a8e', 'Ultra xc', 'un', 0, 0, 0);
INSERT INTO products (id, name, unit, total_qty, avg_cost, min_stock) VALUES ('682498c9-7535-4e1a-94a7-edacb5451b51', 'Ultraformer', 'un', 0, 0, 0);
INSERT INTO products (id, name, unit, total_qty, avg_cost, min_stock) VALUES ('ab4a062a-ebeb-499b-9607-0b29e66b7c79', 'Ultraformer III', 'un', 0, 0, 0);
INSERT INTO products (id, name, unit, total_qty, avg_cost, min_stock) VALUES ('85ecc0a7-a173-4e69-9a4d-5dc9fa3a4bcd', 'UltraformerMPT', 'un', 0, 0, 0);
INSERT INTO products (id, name, unit, total_qty, avg_cost, min_stock) VALUES ('82e603b8-c7c4-4941-90e1-e2dea0b57980', 'Volyme', 'un', 0, 0, 0);
INSERT INTO products (id, name, unit, total_qty, avg_cost, min_stock) VALUES ('d58e9a2b-ee96-4780-a1df-60bb4332ef9e', 'contour 7ml', 'un', 0, 0, 0);
INSERT INTO products (id, name, unit, total_qty, avg_cost, min_stock) VALUES ('45419621-5ee6-4177-8dfa-44e0fdd0a771', 'hialuronidase', 'un', 0, 0, 0);
INSERT INTO products (id, name, unit, total_qty, avg_cost, min_stock) VALUES ('177c9895-073a-46d2-98b6-d135491d348e', 'toxina', 'un', 0, 0, 0);
INSERT INTO products (id, name, unit, total_qty, avg_cost, min_stock) VALUES ('e62932ad-afae-45fb-aaa8-ea1c998f6b03', 'ultra volume', 'un', 0, 0, 0);

-- ── VENDAS ─────────────────────────────────────────────────────
INSERT INTO sales (id, patient_id, service_id, appointment_id, professional, date, price, payment_method, card_brand, installments, paid_installments, credit_fee_rate, net_amount, location_id, down_payment_amount, down_payment_method, notes) VALUES ('1ffb9316-a621-4a50-a20a-33f700e03bae', '51a141ae-96fa-4e11-9a22-846f2ed1fb24', 'ea71da92-d37c-414a-a783-360a25933755', NULL, 'Dr. Murilo', '2024-12-02', 630.0, 'pixInstallment', '', 3, 1, 0.0, 630.0, '191e21f4-daff-4df4-9b7c-4e95ca173d5b', 230.0, 'pix', '');
INSERT INTO sales (id, patient_id, service_id, appointment_id, professional, date, price, payment_method, card_brand, installments, paid_installments, credit_fee_rate, net_amount, location_id, down_payment_amount, down_payment_method, notes) VALUES ('4eeb696f-ec03-4bdb-a115-2c80ec4c37e2', '36aa50f7-2d8c-414d-a0c7-ab77ccee77c6', 'ea71da92-d37c-414a-a783-360a25933755', NULL, 'Dr. Murilo', '2024-12-02', 730.0, 'pixInstallment', '', 4, 1, 0.0, 730.0, '191e21f4-daff-4df4-9b7c-4e95ca173d5b', 160.0, 'pix', '');
INSERT INTO sales (id, patient_id, service_id, appointment_id, professional, date, price, payment_method, card_brand, installments, paid_installments, credit_fee_rate, net_amount, location_id, down_payment_amount, down_payment_method, notes) VALUES ('523d503d-0c8e-4908-af4e-210a952ce85b', 'e7866859-0cfe-4217-af2c-c58257f9ddf8', 'ea71da92-d37c-414a-a783-360a25933755', NULL, 'Dr. Murilo', '2024-12-06', 899.0, 'credit', '', 2, 2, 0.0, 863.73, '191e21f4-daff-4df4-9b7c-4e95ca173d5b', 0.0, '', '');
INSERT INTO sales (id, patient_id, service_id, appointment_id, professional, date, price, payment_method, card_brand, installments, paid_installments, credit_fee_rate, net_amount, location_id, down_payment_amount, down_payment_method, notes) VALUES ('10792448-a66d-4f38-9af6-d741e13c747e', '698800bf-647c-4bb1-97d8-98dad768b266', 'ea71da92-d37c-414a-a783-360a25933755', NULL, 'Dr. Murilo', '2024-12-07', 899.0, 'credit', '', 8, 8, 0.0, 834.27, '191e21f4-daff-4df4-9b7c-4e95ca173d5b', 0.0, '', '');
INSERT INTO sales (id, patient_id, service_id, appointment_id, professional, date, price, payment_method, card_brand, installments, paid_installments, credit_fee_rate, net_amount, location_id, down_payment_amount, down_payment_method, notes) VALUES ('4a65a465-fa04-4365-9d86-9e90108e95dc', '08e04652-abcf-47a1-8af6-eebfcdfaa9d0', '3a205eac-ecf2-48b9-b8f5-3413c8e3eb44', NULL, 'Dr. Murilo', '2024-12-09', 5200.0, 'credit', '', 10, 10, 0.0, 4771.52, '191e21f4-daff-4df4-9b7c-4e95ca173d5b', 0.0, '', '');
INSERT INTO sales (id, patient_id, service_id, appointment_id, professional, date, price, payment_method, card_brand, installments, paid_installments, credit_fee_rate, net_amount, location_id, down_payment_amount, down_payment_method, notes) VALUES ('4254edc9-4549-4ef9-9008-ce117e1a1aee', '58357cfd-6ac1-4d5d-af34-83c9e22cf368', 'ea71da92-d37c-414a-a783-360a25933755', NULL, 'Dr. Murilo', '2024-12-09', 630.0, 'pixInstallment', '', 3, 1, 0.0, 630.0, '191e21f4-daff-4df4-9b7c-4e95ca173d5b', 200.0, 'pix', '');
INSERT INTO sales (id, patient_id, service_id, appointment_id, professional, date, price, payment_method, card_brand, installments, paid_installments, credit_fee_rate, net_amount, location_id, down_payment_amount, down_payment_method, notes) VALUES ('2290ea63-5db5-4f46-8594-e4852b4f90a3', 'def64b13-f2e4-463c-b7a9-dd4ac56b9c10', 'ea71da92-d37c-414a-a783-360a25933755', NULL, 'Dr. Murilo', '2024-12-10', 800.0, 'pixInstallment', '', 3, 1, 0.0, 800.0, '191e21f4-daff-4df4-9b7c-4e95ca173d5b', 200.0, 'pix', '');
INSERT INTO sales (id, patient_id, service_id, appointment_id, professional, date, price, payment_method, card_brand, installments, paid_installments, credit_fee_rate, net_amount, location_id, down_payment_amount, down_payment_method, notes) VALUES ('8370a0c9-4750-402d-ba5f-fd7cdb150e43', '6f8a7659-48c6-4e0a-8671-911cc5d0fa73', '308aeb04-c5f8-4dd1-bda7-cbc978e1b862', NULL, 'Dr. Murilo', '2024-12-11', 1600.0, 'credit', '', 1, 1, 0.0, 1574.2, '191e21f4-daff-4df4-9b7c-4e95ca173d5b', 0.0, '', '');
INSERT INTO sales (id, patient_id, service_id, appointment_id, professional, date, price, payment_method, card_brand, installments, paid_installments, credit_fee_rate, net_amount, location_id, down_payment_amount, down_payment_method, notes) VALUES ('bf89dd25-8baa-4731-bf43-cbe7618249ee', '84bbebfa-d10f-4227-8d4d-4faf0b4c93c3', 'e659b4bf-e7e4-43ea-8db6-756bd6c3e618', NULL, 'Dr. Murilo', '2024-12-11', 1700.0, 'credit', '', 8, 8, 0.0, 1574.2, 'd265682b-7f5e-4fba-b436-83da89c91aab', 0.0, '', '');
INSERT INTO sales (id, patient_id, service_id, appointment_id, professional, date, price, payment_method, card_brand, installments, paid_installments, credit_fee_rate, net_amount, location_id, down_payment_amount, down_payment_method, notes) VALUES ('9d36f73c-f848-49ab-bcd7-83ad465d8f5a', '84bbebfa-d10f-4227-8d4d-4faf0b4c93c3', 'ea71da92-d37c-414a-a783-360a25933755', NULL, 'Dr. Murilo', '2024-12-11', 850.0, 'pix', '', 1, 1, 0.0, 850.0, 'd265682b-7f5e-4fba-b436-83da89c91aab', 0.0, '', '');
INSERT INTO sales (id, patient_id, service_id, appointment_id, professional, date, price, payment_method, card_brand, installments, paid_installments, credit_fee_rate, net_amount, location_id, down_payment_amount, down_payment_method, notes) VALUES ('f69a274b-0c64-42ca-aa64-1dcfe5e27c9d', '833271e4-f437-4d3a-93a3-93b9ce04a054', '3a205eac-ecf2-48b9-b8f5-3413c8e3eb44', NULL, 'Dr. Murilo', '2024-12-11', 2340.0, 'pix', '', 1, 1, 0.0, 2340.0, '191e21f4-daff-4df4-9b7c-4e95ca173d5b', 0.0, '', '');
INSERT INTO sales (id, patient_id, service_id, appointment_id, professional, date, price, payment_method, card_brand, installments, paid_installments, credit_fee_rate, net_amount, location_id, down_payment_amount, down_payment_method, notes) VALUES ('51c6175c-9d79-4f3f-addd-2c6c6fa0b9e1', '2a9f170b-40b7-4dee-bbe9-08e580aed35a', 'ea71da92-d37c-414a-a783-360a25933755', NULL, 'Dr. Murilo', '2024-12-12', 850.0, 'cash', '', 1, 1, 0.0, 850.0, '191e21f4-daff-4df4-9b7c-4e95ca173d5b', 0.0, '', '');
INSERT INTO sales (id, patient_id, service_id, appointment_id, professional, date, price, payment_method, card_brand, installments, paid_installments, credit_fee_rate, net_amount, location_id, down_payment_amount, down_payment_method, notes) VALUES ('bc4f516a-b588-421e-9395-a5ac06ca9179', 'baf9b52d-576f-49de-a599-d397d1d639b6', 'ea71da92-d37c-414a-a783-360a25933755', NULL, 'Dr. Murilo', '2024-12-13', 650.0, 'credit', '', 4, 4, 0.0, 619.97, '191e21f4-daff-4df4-9b7c-4e95ca173d5b', 0.0, '', '');
INSERT INTO sales (id, patient_id, service_id, appointment_id, professional, date, price, payment_method, card_brand, installments, paid_installments, credit_fee_rate, net_amount, location_id, down_payment_amount, down_payment_method, notes) VALUES ('a177998b-80bf-4d68-bb0c-11f824d5affa', '8a02001f-f50e-477a-a945-a51117392b13', '59c0fa24-0159-411b-8941-d1389f5a559c', NULL, 'Dr. Murilo', '2024-12-19', 799.0, 'credit', '', 5, 5, 0.0, 736.03, '191e21f4-daff-4df4-9b7c-4e95ca173d5b', 0.0, '', '');
INSERT INTO sales (id, patient_id, service_id, appointment_id, professional, date, price, payment_method, card_brand, installments, paid_installments, credit_fee_rate, net_amount, location_id, down_payment_amount, down_payment_method, notes) VALUES ('c469b3a0-53b0-4c1c-b956-c503a76a5ece', '8a02001f-f50e-477a-a945-a51117392b13', 'ea71da92-d37c-414a-a783-360a25933755', NULL, 'Dr. Murilo', '2024-12-19', 850.0, 'credit', '', 5, 5, 0.0, 782.89, '191e21f4-daff-4df4-9b7c-4e95ca173d5b', 0.0, '', '');
INSERT INTO sales (id, patient_id, service_id, appointment_id, professional, date, price, payment_method, card_brand, installments, paid_installments, credit_fee_rate, net_amount, location_id, down_payment_amount, down_payment_method, notes) VALUES ('006dee2d-d22f-4195-b33a-b6ece71cd104', '1288e1fb-e5f6-4a0b-ab89-61aa47ce4920', 'ea71da92-d37c-414a-a783-360a25933755', NULL, 'Dr. Murilo', '2024-12-19', 699.0, 'pix', '', 1, 1, 0.0, 699.0, '191e21f4-daff-4df4-9b7c-4e95ca173d5b', 0.0, '', '');
INSERT INTO sales (id, patient_id, service_id, appointment_id, professional, date, price, payment_method, card_brand, installments, paid_installments, credit_fee_rate, net_amount, location_id, down_payment_amount, down_payment_method, notes) VALUES ('f9eea434-2ec6-4c17-9548-ba524531baf5', 'd8e23fed-e2bf-4499-a77b-b6104c858023', 'ea71da92-d37c-414a-a783-360a25933755', NULL, 'Dr. Murilo', '2024-12-20', 899.0, 'credit', '', 8, 8, 0.0, 829.77, '191e21f4-daff-4df4-9b7c-4e95ca173d5b', 0.0, '', '');
INSERT INTO sales (id, patient_id, service_id, appointment_id, professional, date, price, payment_method, card_brand, installments, paid_installments, credit_fee_rate, net_amount, location_id, down_payment_amount, down_payment_method, notes) VALUES ('650ff680-3b19-40ac-a0fb-5dacc213982e', 'd8e23fed-e2bf-4499-a77b-b6104c858023', '5098c666-3e63-41b4-a471-871ccf506745', NULL, 'Dr. Murilo', '2024-12-20', 790.0, 'credit', '', 8, 8, 0.0, 727.54, '191e21f4-daff-4df4-9b7c-4e95ca173d5b', 0.0, '', '');
INSERT INTO sales (id, patient_id, service_id, appointment_id, professional, date, price, payment_method, card_brand, installments, paid_installments, credit_fee_rate, net_amount, location_id, down_payment_amount, down_payment_method, notes) VALUES ('6f7b7adf-de45-40ba-b3fd-455a958a6f9c', '9c587160-0a3c-4fc2-adc8-26d1cdde2572', 'ea71da92-d37c-414a-a783-360a25933755', NULL, 'Dr. Murilo', '2024-12-20', 800.0, 'pix', '', 1, 1, 0.0, 800.0, '191e21f4-daff-4df4-9b7c-4e95ca173d5b', 0.0, '', '');
INSERT INTO sales (id, patient_id, service_id, appointment_id, professional, date, price, payment_method, card_brand, installments, paid_installments, credit_fee_rate, net_amount, location_id, down_payment_amount, down_payment_method, notes) VALUES ('0e5ff8de-5acc-47e9-bdbc-fd6391af6675', '8c01f5be-19ab-4742-a9cb-d0dd7128a933', 'ea71da92-d37c-414a-a783-360a25933755', NULL, 'Dr. Murilo', '2024-12-23', 900.0, 'pix', '', 1, 1, 0.0, 900.0, 'd265682b-7f5e-4fba-b436-83da89c91aab', 0.0, '', '');
INSERT INTO sales (id, patient_id, service_id, appointment_id, professional, date, price, payment_method, card_brand, installments, paid_installments, credit_fee_rate, net_amount, location_id, down_payment_amount, down_payment_method, notes) VALUES ('15073580-a40c-41b5-a186-63c8eb42f14d', '95cecfd2-a6b0-4b2d-8ec2-6b7fa1b6c6ad', 'ea71da92-d37c-414a-a783-360a25933755', NULL, 'Dr. Murilo', '2024-12-26', 540.0, 'pix', '', 1, 1, 0.0, 540.0, 'd265682b-7f5e-4fba-b436-83da89c91aab', 0.0, '', '');
INSERT INTO sales (id, patient_id, service_id, appointment_id, professional, date, price, payment_method, card_brand, installments, paid_installments, credit_fee_rate, net_amount, location_id, down_payment_amount, down_payment_method, notes) VALUES ('4a72b23c-6171-4321-b3fb-147addcdf117', '9c587160-0a3c-4fc2-adc8-26d1cdde2572', '59c0fa24-0159-411b-8941-d1389f5a559c', NULL, 'Dr. Murilo', '2025-01-07', 900.0, 'pix', '', 1, 1, 0.0, 900.0, '191e21f4-daff-4df4-9b7c-4e95ca173d5b', 0.0, '', '');
INSERT INTO sale_products (id, sale_id, product_id, qty, cost_at_sale, session_type) VALUES ('d41dd71c-9761-430c-9621-98ba39d145b0', '4a72b23c-6171-4321-b3fb-147addcdf117', '0a9cdc36-d9bd-4986-ad4c-e31e62a9e623', 0, 0, 'initial');
INSERT INTO sales (id, patient_id, service_id, appointment_id, professional, date, price, payment_method, card_brand, installments, paid_installments, credit_fee_rate, net_amount, location_id, down_payment_amount, down_payment_method, notes) VALUES ('9da1a1d3-fa4a-4dfb-86f2-ce459e71a70f', 'c50b920b-d58e-4cff-bb8a-c4bfb1d143ec', 'ea71da92-d37c-414a-a783-360a25933755', NULL, 'Dr. Murilo', '2025-01-07', 100.0, 'pix', '', 1, 1, 0.0, 100.0, '191e21f4-daff-4df4-9b7c-4e95ca173d5b', 0.0, '', '');
INSERT INTO sale_products (id, sale_id, product_id, qty, cost_at_sale, session_type) VALUES ('cdc5ca91-afb4-4f4a-a999-7dd23ef61824', '9da1a1d3-fa4a-4dfb-86f2-ce459e71a70f', '177c9895-073a-46d2-98b6-d135491d348e', 0, 0, 'initial');
INSERT INTO sales (id, patient_id, service_id, appointment_id, professional, date, price, payment_method, card_brand, installments, paid_installments, credit_fee_rate, net_amount, location_id, down_payment_amount, down_payment_method, notes) VALUES ('3f79d9dd-4988-47e0-b074-7a5613c2b4f9', '85bc53b5-a84f-4dde-a321-07469bf00b18', 'ea71da92-d37c-414a-a783-360a25933755', NULL, 'Dr. Murilo', '2025-01-07', 899.0, 'pix', '', 1, 1, 0.0, 899.0, '191e21f4-daff-4df4-9b7c-4e95ca173d5b', 0.0, '', '');
INSERT INTO sale_products (id, sale_id, product_id, qty, cost_at_sale, session_type) VALUES ('13fd5dfe-3e99-4aec-b21e-fc82cbf07188', '3f79d9dd-4988-47e0-b074-7a5613c2b4f9', '177c9895-073a-46d2-98b6-d135491d348e', 0, 0, 'initial');
INSERT INTO sales (id, patient_id, service_id, appointment_id, professional, date, price, payment_method, card_brand, installments, paid_installments, credit_fee_rate, net_amount, location_id, down_payment_amount, down_payment_method, notes) VALUES ('86ff4ea7-3990-4797-9375-9dbbb5ff3625', '6978960a-1bcf-4a8c-bd77-be53fa86ac21', 'e659b4bf-e7e4-43ea-8db6-756bd6c3e618', NULL, 'Dr. Murilo', '2025-01-13', 1900.0, 'pixInstallment', '', 2, 1, 0.0, 1900.0, 'd265682b-7f5e-4fba-b436-83da89c91aab', 950.0, 'pix', '');
INSERT INTO sale_products (id, sale_id, product_id, qty, cost_at_sale, session_type) VALUES ('95d4dd3a-9bb5-4a12-8c65-3d8bf48b326b', '86ff4ea7-3990-4797-9375-9dbbb5ff3625', 'a2d322b9-05e9-44f8-aa8e-4c162a452753', 0, 0, 'initial');
INSERT INTO sales (id, patient_id, service_id, appointment_id, professional, date, price, payment_method, card_brand, installments, paid_installments, credit_fee_rate, net_amount, location_id, down_payment_amount, down_payment_method, notes) VALUES ('c985fa57-7d7a-487b-a9ec-092e2a6145d0', 'f246b489-7d5d-4a17-881d-a9f4e32605ef', 'ea71da92-d37c-414a-a783-360a25933755', NULL, 'Dr. Murilo', '2025-01-13', 900.0, 'pixInstallment', '', 2, 1, 0.0, 900.0, 'd265682b-7f5e-4fba-b436-83da89c91aab', 450.0, 'pix', 'Pix lorena e robin juntos');
INSERT INTO sale_products (id, sale_id, product_id, qty, cost_at_sale, session_type) VALUES ('32950cdf-446d-4e33-8abf-e2a58f8f0612', 'c985fa57-7d7a-487b-a9ec-092e2a6145d0', '177c9895-073a-46d2-98b6-d135491d348e', 0, 0, 'initial');
INSERT INTO sales (id, patient_id, service_id, appointment_id, professional, date, price, payment_method, card_brand, installments, paid_installments, credit_fee_rate, net_amount, location_id, down_payment_amount, down_payment_method, notes) VALUES ('b9202dc6-767a-466c-b94c-7bfa8780ccec', 'e0a0689c-d8c7-4b86-ac60-6b341d850351', 'c8592594-31d5-4146-94f1-ec38d7b53d39', NULL, 'Dr. Murilo', '2025-01-13', 150.0, 'credit', '', 5, 5, 0.0, 140.86, '191e21f4-daff-4df4-9b7c-4e95ca173d5b', 0.0, '', '');
INSERT INTO sale_products (id, sale_id, product_id, qty, cost_at_sale, session_type) VALUES ('2a7e5d88-aebe-4e1b-9e4c-a7fe4611c8ec', 'b9202dc6-767a-466c-b94c-7bfa8780ccec', '4fcae932-3b8e-4ebf-aa4f-1d07a607251c', 0, 0, 'initial');
INSERT INTO sales (id, patient_id, service_id, appointment_id, professional, date, price, payment_method, card_brand, installments, paid_installments, credit_fee_rate, net_amount, location_id, down_payment_amount, down_payment_method, notes) VALUES ('7a30952b-7379-413d-b154-71500e6ee42f', 'e0a0689c-d8c7-4b86-ac60-6b341d850351', '59c0fa24-0159-411b-8941-d1389f5a559c', NULL, 'Dr. Murilo', '2025-01-13', 950.0, 'credit', '', 5, 5, 0.0, 892.14, '191e21f4-daff-4df4-9b7c-4e95ca173d5b', 0.0, '', '');
INSERT INTO sale_products (id, sale_id, product_id, qty, cost_at_sale, session_type) VALUES ('59236b28-db77-44e1-97ad-e740c82569b0', '7a30952b-7379-413d-b154-71500e6ee42f', '8b2e24a2-838c-409f-a12e-48f4b50af7e0', 0, 0, 'initial');
INSERT INTO sales (id, patient_id, service_id, appointment_id, professional, date, price, payment_method, card_brand, installments, paid_installments, credit_fee_rate, net_amount, location_id, down_payment_amount, down_payment_method, notes) VALUES ('aaff388a-0bf5-44fa-80f2-0bf4c6b3e731', 'e0a0689c-d8c7-4b86-ac60-6b341d850351', '48d32e9a-f5c0-4d3b-9111-b1f71ef0ac02', NULL, 'Dr. Murilo', '2025-01-13', 900.0, 'credit', '', 5, 5, 0.0, 845.2, '191e21f4-daff-4df4-9b7c-4e95ca173d5b', 0.0, '', '');
INSERT INTO sale_products (id, sale_id, product_id, qty, cost_at_sale, session_type) VALUES ('c53e130b-f063-4333-b9f7-dac71b510a5c', 'aaff388a-0bf5-44fa-80f2-0bf4c6b3e731', '82e603b8-c7c4-4941-90e1-e2dea0b57980', 0, 0, 'initial');
INSERT INTO sales (id, patient_id, service_id, appointment_id, professional, date, price, payment_method, card_brand, installments, paid_installments, credit_fee_rate, net_amount, location_id, down_payment_amount, down_payment_method, notes) VALUES ('8df8eb06-6cbd-471f-af1e-e808e5b55417', 'ca372dcd-4388-45d8-8132-87184d93bb5a', 'ea71da92-d37c-414a-a783-360a25933755', NULL, 'Dr. Murilo', '2025-01-14', 850.0, 'pix', '', 1, 1, 0.0, 850.0, '191e21f4-daff-4df4-9b7c-4e95ca173d5b', 0.0, '', '');
INSERT INTO sale_products (id, sale_id, product_id, qty, cost_at_sale, session_type) VALUES ('3787b02c-3150-47fb-be3d-d8bf2229f228', '8df8eb06-6cbd-471f-af1e-e808e5b55417', '177c9895-073a-46d2-98b6-d135491d348e', 0, 0, 'initial');
INSERT INTO sales (id, patient_id, service_id, appointment_id, professional, date, price, payment_method, card_brand, installments, paid_installments, credit_fee_rate, net_amount, location_id, down_payment_amount, down_payment_method, notes) VALUES ('c9a45186-2a88-470b-9f59-dbac989efb73', 'ca372dcd-4388-45d8-8132-87184d93bb5a', '9290f2d1-3cec-49da-bc13-4a0af805285a', NULL, 'Dr. Murilo', '2025-01-14', 900.0, 'pix', '', 1, 1, 0.0, 900.0, '191e21f4-daff-4df4-9b7c-4e95ca173d5b', 0.0, '', '');
INSERT INTO sale_products (id, sale_id, product_id, qty, cost_at_sale, session_type) VALUES ('f067f83d-55ad-4ecc-8fb5-dd337df3d0fa', 'c9a45186-2a88-470b-9f59-dbac989efb73', '18727f89-f1c2-47f6-a51a-ef8180bdfa8d', 0, 0, 'initial');
INSERT INTO sales (id, patient_id, service_id, appointment_id, professional, date, price, payment_method, card_brand, installments, paid_installments, credit_fee_rate, net_amount, location_id, down_payment_amount, down_payment_method, notes) VALUES ('9a3c0c6f-6745-4021-9910-c3b61eac66ac', 'ca372dcd-4388-45d8-8132-87184d93bb5a', '43be9ec5-b407-4059-a04a-b7aaf599401b', NULL, 'Dr. Murilo', '2025-01-14', 900.0, 'pix', '', 1, 1, 0.0, 900.0, '191e21f4-daff-4df4-9b7c-4e95ca173d5b', 0.0, '', '');
INSERT INTO sale_products (id, sale_id, product_id, qty, cost_at_sale, session_type) VALUES ('565e424a-45db-4afd-8d2c-d1a90e4bf7a2', '9a3c0c6f-6745-4021-9910-c3b61eac66ac', '18727f89-f1c2-47f6-a51a-ef8180bdfa8d', 0, 0, 'initial');
INSERT INTO sales (id, patient_id, service_id, appointment_id, professional, date, price, payment_method, card_brand, installments, paid_installments, credit_fee_rate, net_amount, location_id, down_payment_amount, down_payment_method, notes) VALUES ('01161bab-b9a7-40fd-b149-3e007dfb481b', 'b7ac821a-b608-4c2b-87b2-ec614541c1d5', 'ea71da92-d37c-414a-a783-360a25933755', NULL, 'Dr. Murilo', '2025-01-15', 800.0, 'pix', '', 1, 1, 0.0, 800.0, '191e21f4-daff-4df4-9b7c-4e95ca173d5b', 0.0, '', 'Desconto de 280 reais parte Dr. Wilson');
INSERT INTO sale_products (id, sale_id, product_id, qty, cost_at_sale, session_type) VALUES ('65c4d745-7273-4051-b7ba-f2cc4c3f2161', '01161bab-b9a7-40fd-b149-3e007dfb481b', '177c9895-073a-46d2-98b6-d135491d348e', 0, 0, 'initial');
INSERT INTO sales (id, patient_id, service_id, appointment_id, professional, date, price, payment_method, card_brand, installments, paid_installments, credit_fee_rate, net_amount, location_id, down_payment_amount, down_payment_method, notes) VALUES ('12e20ded-da36-4e31-99f2-80a753198773', '39d98358-da9f-4326-9925-83933bd886b8', 'e659b4bf-e7e4-43ea-8db6-756bd6c3e618', NULL, 'Dr. Murilo', '2025-01-17', 1500.0, 'pix', '', 1, 1, 0.0, 1500.0, '191e21f4-daff-4df4-9b7c-4e95ca173d5b', 0.0, '', '');
INSERT INTO sale_products (id, sale_id, product_id, qty, cost_at_sale, session_type) VALUES ('5db67d9b-fb95-4e34-9df7-f77f134225db', '12e20ded-da36-4e31-99f2-80a753198773', 'a2d322b9-05e9-44f8-aa8e-4c162a452753', 0, 0, 'initial');
INSERT INTO sales (id, patient_id, service_id, appointment_id, professional, date, price, payment_method, card_brand, installments, paid_installments, credit_fee_rate, net_amount, location_id, down_payment_amount, down_payment_method, notes) VALUES ('60c5e84c-719c-4370-940a-c0fbb95c980f', 'e0a0689c-d8c7-4b86-ac60-6b341d850351', 'ea71da92-d37c-414a-a783-360a25933755', NULL, 'Dr. Murilo', '2025-01-21', 799.0, 'credit', '', 6, 6, 0.0, 745.4, '191e21f4-daff-4df4-9b7c-4e95ca173d5b', 0.0, '', '');
INSERT INTO sale_products (id, sale_id, product_id, qty, cost_at_sale, session_type) VALUES ('1935e2c1-c7e4-414a-9f25-fd8ddd267b0c', '60c5e84c-719c-4370-940a-c0fbb95c980f', '177c9895-073a-46d2-98b6-d135491d348e', 0, 0, 'initial');
INSERT INTO sales (id, patient_id, service_id, appointment_id, professional, date, price, payment_method, card_brand, installments, paid_installments, credit_fee_rate, net_amount, location_id, down_payment_amount, down_payment_method, notes) VALUES ('5a582769-4c20-4c60-9c1d-ae43a545697c', 'e0a0689c-d8c7-4b86-ac60-6b341d850351', '5098c666-3e63-41b4-a471-871ccf506745', NULL, 'Dr. Murilo', '2025-01-21', 701.0, 'credit', '', 6, 6, 0.0, 653.95, '191e21f4-daff-4df4-9b7c-4e95ca173d5b', 0.0, '', '');
INSERT INTO sale_products (id, sale_id, product_id, qty, cost_at_sale, session_type) VALUES ('24d5e3e8-05fd-4f36-9725-4a49ccad28c3', '5a582769-4c20-4c60-9c1d-ae43a545697c', '024999c9-1ae5-4138-b9f4-47a288ac1c0b', 0, 0, 'initial');
INSERT INTO sales (id, patient_id, service_id, appointment_id, professional, date, price, payment_method, card_brand, installments, paid_installments, credit_fee_rate, net_amount, location_id, down_payment_amount, down_payment_method, notes) VALUES ('6bade443-6cd5-4f91-bc33-772bcb5431e2', '7ef655be-65fe-4f88-80cd-67cfefc70b31', 'ea71da92-d37c-414a-a783-360a25933755', NULL, 'Dr. Murilo', '2025-01-27', 850.0, 'debit', '', 1, 1, 0.0, 850.0, '191e21f4-daff-4df4-9b7c-4e95ca173d5b', 0.0, '', '');
INSERT INTO sale_products (id, sale_id, product_id, qty, cost_at_sale, session_type) VALUES ('828c644b-52c8-45d6-8458-f5a4bafb8b8a', '6bade443-6cd5-4f91-bc33-772bcb5431e2', '177c9895-073a-46d2-98b6-d135491d348e', 0, 0, 'initial');
INSERT INTO sales (id, patient_id, service_id, appointment_id, professional, date, price, payment_method, card_brand, installments, paid_installments, credit_fee_rate, net_amount, location_id, down_payment_amount, down_payment_method, notes) VALUES ('247f81e7-fe43-4c19-bb3c-8f6d78daa0d0', '759f3805-5ea1-4660-85a9-70d38ba975e9', 'ea71da92-d37c-414a-a783-360a25933755', NULL, 'Dr. Murilo', '2025-01-27', 650.0, 'pixInstallment', '', 2, 1, 0.0, 650.0, '191e21f4-daff-4df4-9b7c-4e95ca173d5b', 250.0, 'pix', 'Vai pagar em março');
INSERT INTO sale_products (id, sale_id, product_id, qty, cost_at_sale, session_type) VALUES ('106b1d29-91af-4fac-96fc-906e1f89e057', '247f81e7-fe43-4c19-bb3c-8f6d78daa0d0', '177c9895-073a-46d2-98b6-d135491d348e', 0, 0, 'initial');
INSERT INTO sales (id, patient_id, service_id, appointment_id, professional, date, price, payment_method, card_brand, installments, paid_installments, credit_fee_rate, net_amount, location_id, down_payment_amount, down_payment_method, notes) VALUES ('a0a41f66-cc37-4a6d-871a-84d67e78f1ff', '759f3805-5ea1-4660-85a9-70d38ba975e9', '9290f2d1-3cec-49da-bc13-4a0af805285a', NULL, 'Dr. Murilo', '2025-01-27', 650.0, 'pixInstallment', '', 2, 1, 0.0, 650.0, '191e21f4-daff-4df4-9b7c-4e95ca173d5b', 250.0, 'pix', 'Vai pagar em março');
INSERT INTO sale_products (id, sale_id, product_id, qty, cost_at_sale, session_type) VALUES ('24dce9d8-737b-451d-b065-72a21cb7d62b', 'a0a41f66-cc37-4a6d-871a-84d67e78f1ff', '18727f89-f1c2-47f6-a51a-ef8180bdfa8d', 0, 0, 'initial');
INSERT INTO sales (id, patient_id, service_id, appointment_id, professional, date, price, payment_method, card_brand, installments, paid_installments, credit_fee_rate, net_amount, location_id, down_payment_amount, down_payment_method, notes) VALUES ('e9f29145-dc40-4bdd-95a4-175e5a58a3ac', '07d3bb34-2a88-4543-a2ac-5eb5d1d7187c', 'ea71da92-d37c-414a-a783-360a25933755', NULL, 'Dr. Murilo', '2025-01-30', 899.0, 'pix', '', 1, 1, 0.0, 899.0, '191e21f4-daff-4df4-9b7c-4e95ca173d5b', 0.0, '', '');
INSERT INTO sale_products (id, sale_id, product_id, qty, cost_at_sale, session_type) VALUES ('02625b7b-7676-4bad-8e97-c03ad6c2e1f0', 'e9f29145-dc40-4bdd-95a4-175e5a58a3ac', '177c9895-073a-46d2-98b6-d135491d348e', 0, 0, 'initial');
INSERT INTO sales (id, patient_id, service_id, appointment_id, professional, date, price, payment_method, card_brand, installments, paid_installments, credit_fee_rate, net_amount, location_id, down_payment_amount, down_payment_method, notes) VALUES ('d8ff461c-dfc8-4e17-81f4-046a57a82546', 'dc11e58e-8e3c-4535-884e-5f0a5fd18824', 'ea71da92-d37c-414a-a783-360a25933755', NULL, 'Dr. Murilo', '2025-02-17', 600.0, 'pixInstallment', '', 2, 1, 0.0, 600.0, '191e21f4-daff-4df4-9b7c-4e95ca173d5b', 300.0, 'pix', '');
INSERT INTO sale_products (id, sale_id, product_id, qty, cost_at_sale, session_type) VALUES ('b227dffc-5982-4508-9670-5e0a2fd27598', 'd8ff461c-dfc8-4e17-81f4-046a57a82546', '177c9895-073a-46d2-98b6-d135491d348e', 0, 0, 'initial');
INSERT INTO sales (id, patient_id, service_id, appointment_id, professional, date, price, payment_method, card_brand, installments, paid_installments, credit_fee_rate, net_amount, location_id, down_payment_amount, down_payment_method, notes) VALUES ('b7213cc0-099b-4dda-931d-c0bf458a8b61', '07d3bb34-2a88-4543-a2ac-5eb5d1d7187c', '3a205eac-ecf2-48b9-b8f5-3413c8e3eb44', NULL, 'Dr. Murilo', '2025-02-20', 4000.0, 'credit', '', 4, 4, 0.0, 3942.9, '191e21f4-daff-4df4-9b7c-4e95ca173d5b', 1500.0, 'pix', '');
INSERT INTO sale_products (id, sale_id, product_id, qty, cost_at_sale, session_type) VALUES ('69adcdae-2c64-494f-87ab-6b3eb82a5635', 'b7213cc0-099b-4dda-931d-c0bf458a8b61', 'd58e9a2b-ee96-4780-a1df-60bb4332ef9e', 0, 0, 'initial');
INSERT INTO sales (id, patient_id, service_id, appointment_id, professional, date, price, payment_method, card_brand, installments, paid_installments, credit_fee_rate, net_amount, location_id, down_payment_amount, down_payment_method, notes) VALUES ('30b6ea5f-fb05-4d31-bf7f-ad80e9cb1c88', '8246488b-ea2d-4e92-808d-5369bb42d697', '43be9ec5-b407-4059-a04a-b7aaf599401b', NULL, 'Dr. Murilo', '2025-02-20', 800.0, 'credit', '', 3, 3, 0.0, 759.84, '191e21f4-daff-4df4-9b7c-4e95ca173d5b', 0.0, '', '');
INSERT INTO sale_products (id, sale_id, product_id, qty, cost_at_sale, session_type) VALUES ('f4ef863e-96dc-4c30-bc2d-6512cb4aa6c0', '30b6ea5f-fb05-4d31-bf7f-ad80e9cb1c88', '18727f89-f1c2-47f6-a51a-ef8180bdfa8d', 0, 0, 'initial');
INSERT INTO sales (id, patient_id, service_id, appointment_id, professional, date, price, payment_method, card_brand, installments, paid_installments, credit_fee_rate, net_amount, location_id, down_payment_amount, down_payment_method, notes) VALUES ('a981f371-a497-46ae-bfde-f951930609bc', '8246488b-ea2d-4e92-808d-5369bb42d697', '48d32e9a-f5c0-4d3b-9111-b1f71ef0ac02', NULL, 'Dr. Murilo', '2025-02-20', 800.0, 'credit', '', 3, 3, 0.0, 759.84, '191e21f4-daff-4df4-9b7c-4e95ca173d5b', 0.0, '', '');
INSERT INTO sale_products (id, sale_id, product_id, qty, cost_at_sale, session_type) VALUES ('e0c9f753-6602-4ea8-b36f-db62019b1674', 'a981f371-a497-46ae-bfde-f951930609bc', '82e603b8-c7c4-4941-90e1-e2dea0b57980', 0, 0, 'initial');
INSERT INTO sales (id, patient_id, service_id, appointment_id, professional, date, price, payment_method, card_brand, installments, paid_installments, credit_fee_rate, net_amount, location_id, down_payment_amount, down_payment_method, notes) VALUES ('506f908c-48ad-4a8d-a154-8e7e564dc415', '8246488b-ea2d-4e92-808d-5369bb42d697', 'ea71da92-d37c-414a-a783-360a25933755', NULL, 'Dr. Murilo', '2025-02-20', 800.0, 'credit', '', 3, 3, 0.0, 759.84, '191e21f4-daff-4df4-9b7c-4e95ca173d5b', 0.0, '', '');
INSERT INTO sale_products (id, sale_id, product_id, qty, cost_at_sale, session_type) VALUES ('4b4284de-6145-42cb-95a1-f1b6cefc10cd', '506f908c-48ad-4a8d-a154-8e7e564dc415', '177c9895-073a-46d2-98b6-d135491d348e', 0, 0, 'initial');
INSERT INTO sales (id, patient_id, service_id, appointment_id, professional, date, price, payment_method, card_brand, installments, paid_installments, credit_fee_rate, net_amount, location_id, down_payment_amount, down_payment_method, notes) VALUES ('ba05c468-ec03-4cd1-be9e-12885086aa5f', '6e2445cf-8967-4c4a-a41d-b39213aaa3a5', 'ea71da92-d37c-414a-a783-360a25933755', NULL, 'Dr. Murilo', '2025-03-10', 850.0, 'credit', '', 6, 6, 0.0, 790.15, '191e21f4-daff-4df4-9b7c-4e95ca173d5b', 0.0, '', '');
INSERT INTO sale_products (id, sale_id, product_id, qty, cost_at_sale, session_type) VALUES ('5a101446-62dc-4e69-9277-c0dc4417716d', 'ba05c468-ec03-4cd1-be9e-12885086aa5f', '177c9895-073a-46d2-98b6-d135491d348e', 0, 0, 'initial');
INSERT INTO sales (id, patient_id, service_id, appointment_id, professional, date, price, payment_method, card_brand, installments, paid_installments, credit_fee_rate, net_amount, location_id, down_payment_amount, down_payment_method, notes) VALUES ('9bcca635-4da1-4c8e-9fa1-d34124b6756b', 'b9a7e062-a7b9-4b7c-a7db-79a206b17b8f', 'ea71da92-d37c-414a-a783-360a25933755', NULL, 'Dr. Murilo', '2025-03-11', 722.5, 'credit', '', 10, 10, 0.0, 652.48, '191e21f4-daff-4df4-9b7c-4e95ca173d5b', 0.0, '', '');
INSERT INTO sale_products (id, sale_id, product_id, qty, cost_at_sale, session_type) VALUES ('e95b508d-b948-4772-9f8a-e6a3668ec646', '9bcca635-4da1-4c8e-9fa1-d34124b6756b', '177c9895-073a-46d2-98b6-d135491d348e', 0, 0, 'initial');
INSERT INTO sales (id, patient_id, service_id, appointment_id, professional, date, price, payment_method, card_brand, installments, paid_installments, credit_fee_rate, net_amount, location_id, down_payment_amount, down_payment_method, notes) VALUES ('fa6ffd6e-0b8c-4643-963c-8d094b27f046', 'b9a7e062-a7b9-4b7c-a7db-79a206b17b8f', '02084f20-0f66-4fa4-b137-3737f0c74984', NULL, 'Dr. Murilo', '2025-03-11', 722.5, 'credit', '', 10, 10, 0.0, 652.48, '191e21f4-daff-4df4-9b7c-4e95ca173d5b', 0.0, '', '');
INSERT INTO sales (id, patient_id, service_id, appointment_id, professional, date, price, payment_method, card_brand, installments, paid_installments, credit_fee_rate, net_amount, location_id, down_payment_amount, down_payment_method, notes) VALUES ('bca6b51e-3fe9-4646-9401-9abd0dce25c7', 'b9a7e062-a7b9-4b7c-a7db-79a206b17b8f', '48d32e9a-f5c0-4d3b-9111-b1f71ef0ac02', NULL, 'Dr. Murilo', '2025-03-11', 722.5, 'credit', '', 10, 10, 0.0, 652.48, '191e21f4-daff-4df4-9b7c-4e95ca173d5b', 0.0, '', '');
INSERT INTO sales (id, patient_id, service_id, appointment_id, professional, date, price, payment_method, card_brand, installments, paid_installments, credit_fee_rate, net_amount, location_id, down_payment_amount, down_payment_method, notes) VALUES ('363ca929-21ed-40da-b76b-580a87883763', 'b9a7e062-a7b9-4b7c-a7db-79a206b17b8f', 'ba1814f5-3258-4b53-ace4-ea3feb5655d2', NULL, 'Dr. Murilo', '2025-03-11', 722.5, 'credit', '', 10, 10, 0.0, 652.48, '191e21f4-daff-4df4-9b7c-4e95ca173d5b', 0.0, '', '');
INSERT INTO sales (id, patient_id, service_id, appointment_id, professional, date, price, payment_method, card_brand, installments, paid_installments, credit_fee_rate, net_amount, location_id, down_payment_amount, down_payment_method, notes) VALUES ('ca77e3b9-4a74-4102-890f-bc7a4bdebd56', '5dc46db3-ef04-434d-bc8e-a45536a1020a', 'ea71da92-d37c-414a-a783-360a25933755', NULL, 'Dr. Murilo', '2025-03-11', 850.0, 'credit', '', 10, 10, 0.0, 767.67, '191e21f4-daff-4df4-9b7c-4e95ca173d5b', 0.0, '', '');
INSERT INTO sale_products (id, sale_id, product_id, qty, cost_at_sale, session_type) VALUES ('9d8a505f-f2e1-40ef-bca9-d5c904c3212e', 'ca77e3b9-4a74-4102-890f-bc7a4bdebd56', '177c9895-073a-46d2-98b6-d135491d348e', 0, 0, 'initial');
INSERT INTO sales (id, patient_id, service_id, appointment_id, professional, date, price, payment_method, card_brand, installments, paid_installments, credit_fee_rate, net_amount, location_id, down_payment_amount, down_payment_method, notes) VALUES ('07383351-314e-4f27-b147-9f0710aac23e', '0c8bda95-97fe-41cd-843d-65d05768d10b', 'e659b4bf-e7e4-43ea-8db6-756bd6c3e618', NULL, 'Dr. Murilo', '2025-03-12', 1400.0, 'credit', '', 6, 6, 0.0, 1301.47, '191e21f4-daff-4df4-9b7c-4e95ca173d5b', 0.0, '', '');
INSERT INTO sale_products (id, sale_id, product_id, qty, cost_at_sale, session_type) VALUES ('75e499c9-d240-4112-ad30-2f8ff4db55eb', '07383351-314e-4f27-b147-9f0710aac23e', '192dcac2-7ca7-4678-a284-1240f9651960', 0, 0, 'initial');
INSERT INTO sales (id, patient_id, service_id, appointment_id, professional, date, price, payment_method, card_brand, installments, paid_installments, credit_fee_rate, net_amount, location_id, down_payment_amount, down_payment_method, notes) VALUES ('51168d0e-0e14-421f-bb45-b53c99d09d74', '0c8bda95-97fe-41cd-843d-65d05768d10b', '308c7a51-9fe4-4be7-934b-b2864273468c', NULL, 'Dr. Murilo', '2025-03-12', 696.66, 'credit', '', 6, 6, 0.0, 647.61, '191e21f4-daff-4df4-9b7c-4e95ca173d5b', 0.0, '', '');
INSERT INTO sale_products (id, sale_id, product_id, qty, cost_at_sale, session_type) VALUES ('ae9d06f6-0426-485c-9418-eaaad947518e', '51168d0e-0e14-421f-bb45-b53c99d09d74', '18727f89-f1c2-47f6-a51a-ef8180bdfa8d', 0, 0, 'initial');
INSERT INTO sales (id, patient_id, service_id, appointment_id, professional, date, price, payment_method, card_brand, installments, paid_installments, credit_fee_rate, net_amount, location_id, down_payment_amount, down_payment_method, notes) VALUES ('37720063-29f2-4bd1-ac71-d11d642b2776', '0c8bda95-97fe-41cd-843d-65d05768d10b', '59c0fa24-0159-411b-8941-d1389f5a559c', NULL, 'Dr. Murilo', '2025-03-12', 696.66, 'credit', '', 6, 6, 0.0, 647.61, '191e21f4-daff-4df4-9b7c-4e95ca173d5b', 0.0, '', '');
INSERT INTO sale_products (id, sale_id, product_id, qty, cost_at_sale, session_type) VALUES ('3a14a16b-191d-41c6-ae75-306861afbdbe', '37720063-29f2-4bd1-ac71-d11d642b2776', '0a9cdc36-d9bd-4986-ad4c-e31e62a9e623', 0, 0, 'initial');
INSERT INTO sales (id, patient_id, service_id, appointment_id, professional, date, price, payment_method, card_brand, installments, paid_installments, credit_fee_rate, net_amount, location_id, down_payment_amount, down_payment_method, notes) VALUES ('baed045b-084c-487a-8283-25452a94aa86', '0c8bda95-97fe-41cd-843d-65d05768d10b', '27ff3294-5f9d-433a-b49c-e109fca8793e', NULL, 'Dr. Murilo', '2025-03-12', 696.66, 'credit', '', 6, 6, 0.0, 647.61, '191e21f4-daff-4df4-9b7c-4e95ca173d5b', 0.0, '', '');
INSERT INTO sale_products (id, sale_id, product_id, qty, cost_at_sale, session_type) VALUES ('f3914087-2b26-4fee-918a-638ef352d678', 'baed045b-084c-487a-8283-25452a94aa86', '6172b3b1-9472-45dd-a036-c9dccf7fda8d', 0, 0, 'initial');
INSERT INTO sales (id, patient_id, service_id, appointment_id, professional, date, price, payment_method, card_brand, installments, paid_installments, credit_fee_rate, net_amount, location_id, down_payment_amount, down_payment_method, notes) VALUES ('341a97b4-8492-4ad6-96dd-29f1fe6f09bd', '2ce17549-c5c1-4f8d-9177-09bb751caf33', 'ba1814f5-3258-4b53-ace4-ea3feb5655d2', NULL, 'Dr. Murilo', '2025-03-12', 1400.0, 'pixInstallment', '', 1, 1, 0.0, 1400.0, '191e21f4-daff-4df4-9b7c-4e95ca173d5b', 500.0, 'pix', '');
INSERT INTO sales (id, patient_id, service_id, appointment_id, professional, date, price, payment_method, card_brand, installments, paid_installments, credit_fee_rate, net_amount, location_id, down_payment_amount, down_payment_method, notes) VALUES ('cbe5efdb-87de-4d72-b420-b2eaacc507ac', 'dd474d54-4c73-487e-9ea3-92f140ae56b7', '6973afb5-839c-49fa-8369-98bbd086a789', NULL, 'Dr. Murilo', '2025-03-13', 866.66, 'credit', '', 11, 11, 0.0, 856.7, '191e21f4-daff-4df4-9b7c-4e95ca173d5b', 866.66, 'pix', '');
INSERT INTO sale_products (id, sale_id, product_id, qty, cost_at_sale, session_type) VALUES ('54f05201-1ceb-4959-ae30-23cad7f970d0', 'cbe5efdb-87de-4d72-b420-b2eaacc507ac', '18727f89-f1c2-47f6-a51a-ef8180bdfa8d', 0, 0, 'initial');
INSERT INTO sales (id, patient_id, service_id, appointment_id, professional, date, price, payment_method, card_brand, installments, paid_installments, credit_fee_rate, net_amount, location_id, down_payment_amount, down_payment_method, notes) VALUES ('6d32996a-b6c9-4924-8794-9ccc4121577f', 'dd474d54-4c73-487e-9ea3-92f140ae56b7', '27ff3294-5f9d-433a-b49c-e109fca8793e', NULL, 'Dr. Murilo', '2025-03-13', 866.66, 'credit', '', 11, 11, 0.0, 856.7, '191e21f4-daff-4df4-9b7c-4e95ca173d5b', 866.66, 'pix', '');
INSERT INTO sale_products (id, sale_id, product_id, qty, cost_at_sale, session_type) VALUES ('5b7118ac-1054-4d0c-9720-3e097be0d6bf', '6d32996a-b6c9-4924-8794-9ccc4121577f', '6172b3b1-9472-45dd-a036-c9dccf7fda8d', 0, 0, 'initial');
INSERT INTO sales (id, patient_id, service_id, appointment_id, professional, date, price, payment_method, card_brand, installments, paid_installments, credit_fee_rate, net_amount, location_id, down_payment_amount, down_payment_method, notes) VALUES ('7e97f30a-b9ad-4421-b82f-8ac0f8b7bc79', 'dd474d54-4c73-487e-9ea3-92f140ae56b7', '308c7a51-9fe4-4be7-934b-b2864273468c', NULL, 'Dr. Murilo', '2025-03-13', 866.66, 'credit', '', 11, 11, 0.0, 856.7, '191e21f4-daff-4df4-9b7c-4e95ca173d5b', 866.66, 'pix', '');
INSERT INTO sale_products (id, sale_id, product_id, qty, cost_at_sale, session_type) VALUES ('fc67e107-140f-4a04-9a67-a9bc35bd9432', '7e97f30a-b9ad-4421-b82f-8ac0f8b7bc79', '6172b3b1-9472-45dd-a036-c9dccf7fda8d', 0, 0, 'initial');
INSERT INTO sales (id, patient_id, service_id, appointment_id, professional, date, price, payment_method, card_brand, installments, paid_installments, credit_fee_rate, net_amount, location_id, down_payment_amount, down_payment_method, notes) VALUES ('ecce8354-3d9a-4bb0-85b0-36b1e4e5f345', 'e0a0689c-d8c7-4b86-ac60-6b341d850351', 'e659b4bf-e7e4-43ea-8db6-756bd6c3e618', NULL, 'Dr. Murilo', '2025-03-13', 1800.0, 'credit', '', 10, 10, 0.0, 1625.58, '191e21f4-daff-4df4-9b7c-4e95ca173d5b', 0.0, '', '');
INSERT INTO sale_products (id, sale_id, product_id, qty, cost_at_sale, session_type) VALUES ('28320d6a-a27b-476b-9cbc-202e673f2804', 'ecce8354-3d9a-4bb0-85b0-36b1e4e5f345', 'a2d322b9-05e9-44f8-aa8e-4c162a452753', 0, 0, 'initial');
INSERT INTO sales (id, patient_id, service_id, appointment_id, professional, date, price, payment_method, card_brand, installments, paid_installments, credit_fee_rate, net_amount, location_id, down_payment_amount, down_payment_method, notes) VALUES ('ed8a7b96-d3dc-45e7-be6c-c46644982b74', 'e0a0689c-d8c7-4b86-ac60-6b341d850351', '59c0fa24-0159-411b-8941-d1389f5a559c', NULL, 'Dr. Murilo', '2025-03-13', 890.0, 'credit', '', 10, 10, 0.0, 803.75, '191e21f4-daff-4df4-9b7c-4e95ca173d5b', 0.0, '', '');
INSERT INTO sale_products (id, sale_id, product_id, qty, cost_at_sale, session_type) VALUES ('c68f6009-31ac-41e9-972e-dca2775b9a20', 'ed8a7b96-d3dc-45e7-be6c-c46644982b74', '0a9cdc36-d9bd-4986-ad4c-e31e62a9e623', 0, 0, 'initial');
INSERT INTO sales (id, patient_id, service_id, appointment_id, professional, date, price, payment_method, card_brand, installments, paid_installments, credit_fee_rate, net_amount, location_id, down_payment_amount, down_payment_method, notes) VALUES ('33df672e-cf1f-47aa-bd4a-3e5947ba0122', 'bc587b79-71ce-4048-ab08-41ae76bc72e2', 'ea71da92-d37c-414a-a783-360a25933755', NULL, 'Dr. Murilo', '2025-03-13', 800.0, 'pixInstallment', '', 3, 1, 0.0, 800.0, '191e21f4-daff-4df4-9b7c-4e95ca173d5b', 250.0, 'pix', '');
INSERT INTO sale_products (id, sale_id, product_id, qty, cost_at_sale, session_type) VALUES ('b2587ebe-d0e7-4740-8236-92e203077526', '33df672e-cf1f-47aa-bd4a-3e5947ba0122', '177c9895-073a-46d2-98b6-d135491d348e', 0, 0, 'initial');
INSERT INTO sales (id, patient_id, service_id, appointment_id, professional, date, price, payment_method, card_brand, installments, paid_installments, credit_fee_rate, net_amount, location_id, down_payment_amount, down_payment_method, notes) VALUES ('1610228e-c752-4a06-ac93-1198d943693e', 'bc587b79-71ce-4048-ab08-41ae76bc72e2', '48d32e9a-f5c0-4d3b-9111-b1f71ef0ac02', NULL, 'Dr. Murilo', '2025-03-13', 800.0, 'pixInstallment', '', 3, 1, 0.0, 800.0, '191e21f4-daff-4df4-9b7c-4e95ca173d5b', 250.0, 'pix', '');
INSERT INTO sale_products (id, sale_id, product_id, qty, cost_at_sale, session_type) VALUES ('b4a999f7-10ae-4d92-ac6f-5be3bf5a747b', '1610228e-c752-4a06-ac93-1198d943693e', '6172b3b1-9472-45dd-a036-c9dccf7fda8d', 0, 0, 'initial');
INSERT INTO sales (id, patient_id, service_id, appointment_id, professional, date, price, payment_method, card_brand, installments, paid_installments, credit_fee_rate, net_amount, location_id, down_payment_amount, down_payment_method, notes) VALUES ('123e463d-f2ff-4040-ab40-bdae08810f76', 'd74c470f-1b14-4818-af84-74769a17f5b0', 'ea71da92-d37c-414a-a783-360a25933755', NULL, 'Dr. Murilo', '2025-03-13', 800.0, 'pixInstallment', '', 3, 1, 0.0, 800.0, '191e21f4-daff-4df4-9b7c-4e95ca173d5b', 300.0, 'pix', '');
INSERT INTO sale_products (id, sale_id, product_id, qty, cost_at_sale, session_type) VALUES ('f7798980-e791-4b7f-9110-fab477401ce0', '123e463d-f2ff-4040-ab40-bdae08810f76', '177c9895-073a-46d2-98b6-d135491d348e', 0, 0, 'initial');
INSERT INTO sales (id, patient_id, service_id, appointment_id, professional, date, price, payment_method, card_brand, installments, paid_installments, credit_fee_rate, net_amount, location_id, down_payment_amount, down_payment_method, notes) VALUES ('257d6d64-ceae-4eab-9135-0038a4c4a0cd', 'd74c470f-1b14-4818-af84-74769a17f5b0', '48d32e9a-f5c0-4d3b-9111-b1f71ef0ac02', NULL, 'Dr. Murilo', '2025-03-13', 800.0, 'pixInstallment', '', 3, 1, 0.0, 800.0, '191e21f4-daff-4df4-9b7c-4e95ca173d5b', 300.0, 'pix', '');
INSERT INTO sale_products (id, sale_id, product_id, qty, cost_at_sale, session_type) VALUES ('11512910-a813-42f5-be87-05ff28e0496d', '257d6d64-ceae-4eab-9135-0038a4c4a0cd', '82e603b8-c7c4-4941-90e1-e2dea0b57980', 0, 0, 'initial');
INSERT INTO sales (id, patient_id, service_id, appointment_id, professional, date, price, payment_method, card_brand, installments, paid_installments, credit_fee_rate, net_amount, location_id, down_payment_amount, down_payment_method, notes) VALUES ('d9e83d1c-ec0f-407b-b726-88eb03e0a065', 'd61448eb-b7e9-4c7b-8d1e-bac5e933fe8a', 'ea71da92-d37c-414a-a783-360a25933755', NULL, 'Dr. Murilo', '2025-03-17', 899.0, 'credit', '', 3, 3, 0.0, 878.77, '191e21f4-daff-4df4-9b7c-4e95ca173d5b', 0.0, '', '');
INSERT INTO sale_products (id, sale_id, product_id, qty, cost_at_sale, session_type) VALUES ('4771b0b4-23f9-4f0d-b1c8-3cc51684b77e', 'd9e83d1c-ec0f-407b-b726-88eb03e0a065', '177c9895-073a-46d2-98b6-d135491d348e', 0, 0, 'initial');
INSERT INTO sales (id, patient_id, service_id, appointment_id, professional, date, price, payment_method, card_brand, installments, paid_installments, credit_fee_rate, net_amount, location_id, down_payment_amount, down_payment_method, notes) VALUES ('aa5d5486-d73f-4795-b814-8a58d6df0dc0', '55e71fbd-3e8d-4dcb-bf14-97b79ebe4833', 'ea71da92-d37c-414a-a783-360a25933755', NULL, 'Dr. Murilo', '2025-03-21', 899.0, 'pix', '', 1, 1, 0.0, 599.0, 'de60a341-e609-4aec-9145-af3cc6351b8a', 0.0, '', '');
INSERT INTO sale_products (id, sale_id, product_id, qty, cost_at_sale, session_type) VALUES ('39bb7dd0-ab6b-4062-b595-19015c49a4ef', 'aa5d5486-d73f-4795-b814-8a58d6df0dc0', '177c9895-073a-46d2-98b6-d135491d348e', 0, 0, 'initial');
INSERT INTO sales (id, patient_id, service_id, appointment_id, professional, date, price, payment_method, card_brand, installments, paid_installments, credit_fee_rate, net_amount, location_id, down_payment_amount, down_payment_method, notes) VALUES ('f0fd172e-6fe2-42a8-8ff2-c8a4d50c8b31', 'baf9b52d-576f-49de-a599-d397d1d639b6', 'ea71da92-d37c-414a-a783-360a25933755', NULL, 'Dr. Murilo', '2025-03-21', 700.0, 'credit', '', 3, 3, 0.0, 683.2, '191e21f4-daff-4df4-9b7c-4e95ca173d5b', 0.0, '', '');
INSERT INTO sale_products (id, sale_id, product_id, qty, cost_at_sale, session_type) VALUES ('494e3cc1-0dcb-4f33-82bc-0afa5edd53a0', 'f0fd172e-6fe2-42a8-8ff2-c8a4d50c8b31', '177c9895-073a-46d2-98b6-d135491d348e', 0, 0, 'initial');
INSERT INTO sales (id, patient_id, service_id, appointment_id, professional, date, price, payment_method, card_brand, installments, paid_installments, credit_fee_rate, net_amount, location_id, down_payment_amount, down_payment_method, notes) VALUES ('1af07671-4b24-438e-8ded-79d37bccb7e9', 'fb2ade7c-6ec0-4502-888d-5249cd5c295b', '4b7e6a43-0f96-47df-88e3-4166d1ae8c06', NULL, 'Dr. Murilo', '2025-03-28', 2290.0, 'credit', '', 10, 10, 0.0, 2056.88, '191e21f4-daff-4df4-9b7c-4e95ca173d5b', 0.0, '', '');
INSERT INTO sale_products (id, sale_id, product_id, qty, cost_at_sale, session_type) VALUES ('b375ed8f-8499-4b37-bea5-246af1885795', '1af07671-4b24-438e-8ded-79d37bccb7e9', '177c9895-073a-46d2-98b6-d135491d348e', 0, 0, 'initial');
INSERT INTO sales (id, patient_id, service_id, appointment_id, professional, date, price, payment_method, card_brand, installments, paid_installments, credit_fee_rate, net_amount, location_id, down_payment_amount, down_payment_method, notes) VALUES ('6dd04d0f-f2af-4e57-a7d7-2429782e707b', 'bd5dd942-ea1c-41ce-8403-1db72418f79f', '4b7e6a43-0f96-47df-88e3-4166d1ae8c06', NULL, 'Dr. Murilo', '2025-04-02', 2290.0, 'credit', '', 10, 10, 0.0, 2056.88, '191e21f4-daff-4df4-9b7c-4e95ca173d5b', 0.0, '', '');
INSERT INTO sale_products (id, sale_id, product_id, qty, cost_at_sale, session_type) VALUES ('7558ddd6-02b0-4836-9cd7-8e18a7b1aca7', '6dd04d0f-f2af-4e57-a7d7-2429782e707b', '177c9895-073a-46d2-98b6-d135491d348e', 0, 0, 'initial');
INSERT INTO sales (id, patient_id, service_id, appointment_id, professional, date, price, payment_method, card_brand, installments, paid_installments, credit_fee_rate, net_amount, location_id, down_payment_amount, down_payment_method, notes) VALUES ('1e2eb8cb-67e5-405c-bf34-bf2edf901111', '868c9412-89ab-4bfa-91a0-b303fd790734', '4b7e6a43-0f96-47df-88e3-4166d1ae8c06', NULL, 'Dr. Murilo', '2025-04-02', 2290.0, 'credit', '', 10, 10, 0.0, 2056.88, '191e21f4-daff-4df4-9b7c-4e95ca173d5b', 0.0, '', '');
INSERT INTO sale_products (id, sale_id, product_id, qty, cost_at_sale, session_type) VALUES ('54bbe3f9-ca77-44c2-ae57-44b003e5f37a', '1e2eb8cb-67e5-405c-bf34-bf2edf901111', '177c9895-073a-46d2-98b6-d135491d348e', 0, 0, 'initial');
INSERT INTO sales (id, patient_id, service_id, appointment_id, professional, date, price, payment_method, card_brand, installments, paid_installments, credit_fee_rate, net_amount, location_id, down_payment_amount, down_payment_method, notes) VALUES ('afb18fda-5edd-4621-a5f9-d8c6d7e3c4fd', 'b9a7e062-a7b9-4b7c-a7db-79a206b17b8f', '48d32e9a-f5c0-4d3b-9111-b1f71ef0ac02', NULL, 'Dr. Murilo', '2025-04-03', 850.0, 'credit', '', 5, 5, 0.0, 793.38, '191e21f4-daff-4df4-9b7c-4e95ca173d5b', 0.0, '', '');
INSERT INTO sale_products (id, sale_id, product_id, qty, cost_at_sale, session_type) VALUES ('df4742b4-4dad-4014-943b-ac58d385fdcb', 'afb18fda-5edd-4621-a5f9-d8c6d7e3c4fd', '177c9895-073a-46d2-98b6-d135491d348e', 0, 0, 'initial');
INSERT INTO sales (id, patient_id, service_id, appointment_id, professional, date, price, payment_method, card_brand, installments, paid_installments, credit_fee_rate, net_amount, location_id, down_payment_amount, down_payment_method, notes) VALUES ('b1b8e46a-0a50-46d3-9230-6743b4f26b61', '2ce17549-c5c1-4f8d-9177-09bb751caf33', '48d32e9a-f5c0-4d3b-9111-b1f71ef0ac02', NULL, 'Dr. Murilo', '2025-04-03', 700.0, 'pixInstallment', '', 3, 1, 0.0, 700.0, '191e21f4-daff-4df4-9b7c-4e95ca173d5b', 550.0, 'pix', '');
INSERT INTO sale_products (id, sale_id, product_id, qty, cost_at_sale, session_type) VALUES ('f3baf191-eb12-4dce-9a09-74ef1067cc1e', 'b1b8e46a-0a50-46d3-9230-6743b4f26b61', '6172b3b1-9472-45dd-a036-c9dccf7fda8d', 0, 0, 'initial');
INSERT INTO sales (id, patient_id, service_id, appointment_id, professional, date, price, payment_method, card_brand, installments, paid_installments, credit_fee_rate, net_amount, location_id, down_payment_amount, down_payment_method, notes) VALUES ('65bd1a0a-b981-4f67-8b74-cacd78fab0bf', '2ce17549-c5c1-4f8d-9177-09bb751caf33', '27ff3294-5f9d-433a-b49c-e109fca8793e', NULL, 'Dr. Murilo', '2025-04-03', 700.0, 'pixInstallment', '', 3, 1, 0.0, 700.0, '191e21f4-daff-4df4-9b7c-4e95ca173d5b', 550.0, 'pix', '');
INSERT INTO sale_products (id, sale_id, product_id, qty, cost_at_sale, session_type) VALUES ('44a7f699-eba2-4b8c-847c-b7904eff4c9f', '65bd1a0a-b981-4f67-8b74-cacd78fab0bf', '6172b3b1-9472-45dd-a036-c9dccf7fda8d', 0, 0, 'initial');
INSERT INTO sales (id, patient_id, service_id, appointment_id, professional, date, price, payment_method, card_brand, installments, paid_installments, credit_fee_rate, net_amount, location_id, down_payment_amount, down_payment_method, notes) VALUES ('896ec0cf-a857-447e-b456-513dcfa64013', '2d2c456c-1c4b-45a2-99b8-520b195274f9', '1fac3a2b-604b-4ece-a49d-56751961171f', NULL, 'Dr. Murilo', '2025-04-07', 3000.0, 'pix', '', 1, 1, 0.0, 3000.0, '191e21f4-daff-4df4-9b7c-4e95ca173d5b', 0.0, '', '');
INSERT INTO sale_products (id, sale_id, product_id, qty, cost_at_sale, session_type) VALUES ('f6d487ac-db49-4e64-9b15-368732461225', '896ec0cf-a857-447e-b456-513dcfa64013', 'ab4a062a-ebeb-499b-9607-0b29e66b7c79', 0, 0, 'initial');
INSERT INTO sales (id, patient_id, service_id, appointment_id, professional, date, price, payment_method, card_brand, installments, paid_installments, credit_fee_rate, net_amount, location_id, down_payment_amount, down_payment_method, notes) VALUES ('512a18b0-8f77-4f53-ae4b-3f504466879a', '2d2c456c-1c4b-45a2-99b8-520b195274f9', 'e659b4bf-e7e4-43ea-8db6-756bd6c3e618', NULL, 'Dr. Murilo', '2025-04-07', 2000.0, 'pix', '', 1, 1, 0.0, 2000.0, '191e21f4-daff-4df4-9b7c-4e95ca173d5b', 0.0, '', '');
INSERT INTO sale_products (id, sale_id, product_id, qty, cost_at_sale, session_type) VALUES ('c347a1bc-51fa-4714-b9bf-500d308836c2', '512a18b0-8f77-4f53-ae4b-3f504466879a', 'a2d322b9-05e9-44f8-aa8e-4c162a452753', 0, 0, 'initial');
INSERT INTO sales (id, patient_id, service_id, appointment_id, professional, date, price, payment_method, card_brand, installments, paid_installments, credit_fee_rate, net_amount, location_id, down_payment_amount, down_payment_method, notes) VALUES ('0fc78761-f013-47e0-8e48-49f2be9b0805', '2d2c456c-1c4b-45a2-99b8-520b195274f9', '59c0fa24-0159-411b-8941-d1389f5a559c', NULL, 'Dr. Murilo', '2025-04-16', 680.83, 'pix', '', 1, 1, 0.0, 680.83, '191e21f4-daff-4df4-9b7c-4e95ca173d5b', 0.0, '', '');
INSERT INTO sale_products (id, sale_id, product_id, qty, cost_at_sale, session_type) VALUES ('8faddd16-5c66-4e06-a86f-28e88712c143', '0fc78761-f013-47e0-8e48-49f2be9b0805', '76ae5cde-a3d1-474b-957a-3dda2eea0a8e', 0, 0, 'initial');
INSERT INTO sales (id, patient_id, service_id, appointment_id, professional, date, price, payment_method, card_brand, installments, paid_installments, credit_fee_rate, net_amount, location_id, down_payment_amount, down_payment_method, notes) VALUES ('b9570378-3faa-4a29-b664-9d4fa265585f', '2d2c456c-1c4b-45a2-99b8-520b195274f9', '48d32e9a-f5c0-4d3b-9111-b1f71ef0ac02', NULL, 'Dr. Murilo', '2025-04-16', 680.83, 'pix', '', 1, 1, 0.0, 680.83, '191e21f4-daff-4df4-9b7c-4e95ca173d5b', 0.0, '', '');
INSERT INTO sale_products (id, sale_id, product_id, qty, cost_at_sale, session_type) VALUES ('ed6f3cbb-4e03-4560-9193-12534663520b', 'b9570378-3faa-4a29-b664-9d4fa265585f', '6172b3b1-9472-45dd-a036-c9dccf7fda8d', 0, 0, 'initial');
INSERT INTO sales (id, patient_id, service_id, appointment_id, professional, date, price, payment_method, card_brand, installments, paid_installments, credit_fee_rate, net_amount, location_id, down_payment_amount, down_payment_method, notes) VALUES ('328d10c3-fc83-49ea-b505-d3241a23c3d4', '2d2c456c-1c4b-45a2-99b8-520b195274f9', '27ff3294-5f9d-433a-b49c-e109fca8793e', NULL, 'Dr. Murilo', '2025-04-16', 680.83, 'pix', '', 1, 1, 0.0, 680.83, '191e21f4-daff-4df4-9b7c-4e95ca173d5b', 0.0, '', '');
INSERT INTO sale_products (id, sale_id, product_id, qty, cost_at_sale, session_type) VALUES ('72f9654b-5384-4541-a464-55a37bd3abee', '328d10c3-fc83-49ea-b505-d3241a23c3d4', '6172b3b1-9472-45dd-a036-c9dccf7fda8d', 0, 0, 'initial');
INSERT INTO sales (id, patient_id, service_id, appointment_id, professional, date, price, payment_method, card_brand, installments, paid_installments, credit_fee_rate, net_amount, location_id, down_payment_amount, down_payment_method, notes) VALUES ('858c350d-b033-406d-9f0d-2c5321b1a17b', '2d2c456c-1c4b-45a2-99b8-520b195274f9', '9290f2d1-3cec-49da-bc13-4a0af805285a', NULL, 'Dr. Murilo', '2025-04-16', 680.83, 'pix', '', 1, 1, 0.0, 680.83, '191e21f4-daff-4df4-9b7c-4e95ca173d5b', 0.0, '', '');
INSERT INTO sale_products (id, sale_id, product_id, qty, cost_at_sale, session_type) VALUES ('0026c3da-1f07-48bb-85a8-f071b763c06a', '858c350d-b033-406d-9f0d-2c5321b1a17b', '18727f89-f1c2-47f6-a51a-ef8180bdfa8d', 0, 0, 'initial');
INSERT INTO sales (id, patient_id, service_id, appointment_id, professional, date, price, payment_method, card_brand, installments, paid_installments, credit_fee_rate, net_amount, location_id, down_payment_amount, down_payment_method, notes) VALUES ('5d06c688-4d18-40db-814d-2a9d3c5e1b4e', '2d2c456c-1c4b-45a2-99b8-520b195274f9', 'ff11c245-698f-4134-9163-1889341064f0', NULL, 'Dr. Murilo', '2025-04-16', 680.83, 'pix', '', 1, 1, 0.0, 680.83, '191e21f4-daff-4df4-9b7c-4e95ca173d5b', 0.0, '', '');
INSERT INTO sale_products (id, sale_id, product_id, qty, cost_at_sale, session_type) VALUES ('31ff81c4-b006-41c9-92c6-98cb29791ee3', '5d06c688-4d18-40db-814d-2a9d3c5e1b4e', '024999c9-1ae5-4138-b9f4-47a288ac1c0b', 0, 0, 'initial');
INSERT INTO sales (id, patient_id, service_id, appointment_id, professional, date, price, payment_method, card_brand, installments, paid_installments, credit_fee_rate, net_amount, location_id, down_payment_amount, down_payment_method, notes) VALUES ('9ee55c68-1b94-49c1-8a90-bfff65f7e788', '2d2c456c-1c4b-45a2-99b8-520b195274f9', '085f5fa1-85c3-4d27-8bc9-b237ced1e47b', NULL, 'Dr. Murilo', '2025-04-16', 680.83, 'pix', '', 1, 1, 0.0, 680.83, '191e21f4-daff-4df4-9b7c-4e95ca173d5b', 0.0, '', '');
INSERT INTO sale_products (id, sale_id, product_id, qty, cost_at_sale, session_type) VALUES ('3f3940a9-8923-4b5c-8c34-2602217f5765', '9ee55c68-1b94-49c1-8a90-bfff65f7e788', '8163f95a-a930-450e-a67e-f9e7e6061a10', 0, 0, 'initial');
INSERT INTO sales (id, patient_id, service_id, appointment_id, professional, date, price, payment_method, card_brand, installments, paid_installments, credit_fee_rate, net_amount, location_id, down_payment_amount, down_payment_method, notes) VALUES ('5f64fb10-5cc1-4bf0-991d-e873c15fdf5d', '46e7c8e6-3bb7-4e42-b9c9-c88f9889c2b8', 'ea71da92-d37c-414a-a783-360a25933755', NULL, 'Dr. Murilo', '2025-04-16', 899.0, 'pix', '', 1, 1, 0.0, 899.0, '191e21f4-daff-4df4-9b7c-4e95ca173d5b', 0.0, '', '');
INSERT INTO sale_products (id, sale_id, product_id, qty, cost_at_sale, session_type) VALUES ('18966d1f-0b97-41be-a8dc-d17032370e92', '5f64fb10-5cc1-4bf0-991d-e873c15fdf5d', '177c9895-073a-46d2-98b6-d135491d348e', 0, 0, 'initial');
INSERT INTO sales (id, patient_id, service_id, appointment_id, professional, date, price, payment_method, card_brand, installments, paid_installments, credit_fee_rate, net_amount, location_id, down_payment_amount, down_payment_method, notes) VALUES ('72c964b7-9354-4dae-b5f7-c869ab4c3b00', 'a54fae50-7202-44f5-a6a5-8c14d3bb1fb1', 'ea71da92-d37c-414a-a783-360a25933755', NULL, 'Dr. Murilo', '2025-04-16', 899.0, 'credit', '', 2, 2, 0.0, 858.63, '191e21f4-daff-4df4-9b7c-4e95ca173d5b', 0.0, '', '');
INSERT INTO sale_products (id, sale_id, product_id, qty, cost_at_sale, session_type) VALUES ('a6a119fa-1acf-48af-a294-6e10993481eb', '72c964b7-9354-4dae-b5f7-c869ab4c3b00', '177c9895-073a-46d2-98b6-d135491d348e', 0, 0, 'initial');
INSERT INTO sales (id, patient_id, service_id, appointment_id, professional, date, price, payment_method, card_brand, installments, paid_installments, credit_fee_rate, net_amount, location_id, down_payment_amount, down_payment_method, notes) VALUES ('ddafd4b3-ad8f-4522-97cd-cd7bb243f713', '82a209e0-2b3a-498a-abc4-3e5506661cfe', 'ea71da92-d37c-414a-a783-360a25933755', NULL, 'Dr. Murilo', '2025-04-20', 650.0, 'pixInstallment', '', 3, 0, 0.0, 650.0, 'd265682b-7f5e-4fba-b436-83da89c91aab', 0.0, '', '');
INSERT INTO sale_products (id, sale_id, product_id, qty, cost_at_sale, session_type) VALUES ('8b3c07be-22b6-4b45-bf6d-87fa59a478f2', 'ddafd4b3-ad8f-4522-97cd-cd7bb243f713', '177c9895-073a-46d2-98b6-d135491d348e', 0, 0, 'initial');
INSERT INTO sales (id, patient_id, service_id, appointment_id, professional, date, price, payment_method, card_brand, installments, paid_installments, credit_fee_rate, net_amount, location_id, down_payment_amount, down_payment_method, notes) VALUES ('9d31525f-3687-4e31-a542-cf26a057b235', '077e7b7c-e617-4038-8ffe-f6000106c932', 'e659b4bf-e7e4-43ea-8db6-756bd6c3e618', NULL, 'Dr. Murilo', '2025-04-20', 1300.0, 'pix', '', 1, 1, 0.0, 1300.0, 'd265682b-7f5e-4fba-b436-83da89c91aab', 0.0, '', '');
INSERT INTO sale_products (id, sale_id, product_id, qty, cost_at_sale, session_type) VALUES ('f5dd1d9c-b87f-4385-bd99-29223607076b', '9d31525f-3687-4e31-a542-cf26a057b235', 'a2d322b9-05e9-44f8-aa8e-4c162a452753', 0, 0, 'initial');
INSERT INTO sales (id, patient_id, service_id, appointment_id, professional, date, price, payment_method, card_brand, installments, paid_installments, credit_fee_rate, net_amount, location_id, down_payment_amount, down_payment_method, notes) VALUES ('2eb43f1d-8c01-4d00-8818-5f933472c716', '39d98358-da9f-4326-9925-83933bd886b8', '6973afb5-839c-49fa-8369-98bbd086a789', NULL, 'Dr. Murilo', '2025-04-22', 750.0, 'pixInstallment', '', 2, 1, 0.0, 750.0, 'd265682b-7f5e-4fba-b436-83da89c91aab', 400.0, 'pix', '');
INSERT INTO sale_products (id, sale_id, product_id, qty, cost_at_sale, session_type) VALUES ('7a11e11a-447f-49f3-a2ab-904bc47f1c01', '2eb43f1d-8c01-4d00-8818-5f933472c716', '18727f89-f1c2-47f6-a51a-ef8180bdfa8d', 0, 0, 'initial');
INSERT INTO sales (id, patient_id, service_id, appointment_id, professional, date, price, payment_method, card_brand, installments, paid_installments, credit_fee_rate, net_amount, location_id, down_payment_amount, down_payment_method, notes) VALUES ('232a0497-3777-4941-ac00-e4f7dd90e535', '39d98358-da9f-4326-9925-83933bd886b8', '6973afb5-839c-49fa-8369-98bbd086a789', NULL, 'Dr. Murilo', '2025-04-22', 750.0, 'pixInstallment', '', 2, 1, 0.0, 750.0, 'd265682b-7f5e-4fba-b436-83da89c91aab', 400.0, 'pix', '');
INSERT INTO sale_products (id, sale_id, product_id, qty, cost_at_sale, session_type) VALUES ('e8187648-b2f4-45e2-a420-a63a234fdb04', '232a0497-3777-4941-ac00-e4f7dd90e535', '18727f89-f1c2-47f6-a51a-ef8180bdfa8d', 0, 0, 'initial');
INSERT INTO sales (id, patient_id, service_id, appointment_id, professional, date, price, payment_method, card_brand, installments, paid_installments, credit_fee_rate, net_amount, location_id, down_payment_amount, down_payment_method, notes) VALUES ('0dd9f532-58e3-4fad-9376-25b94b1aba22', '39d98358-da9f-4326-9925-83933bd886b8', '27ff3294-5f9d-433a-b49c-e109fca8793e', NULL, 'Dr. Murilo', '2025-04-22', 750.0, 'pixInstallment', '', 2, 1, 0.0, 750.0, 'd265682b-7f5e-4fba-b436-83da89c91aab', 400.0, 'pix', '');
INSERT INTO sale_products (id, sale_id, product_id, qty, cost_at_sale, session_type) VALUES ('ea04d3af-9d1f-40b2-afc7-eaff230fba04', '0dd9f532-58e3-4fad-9376-25b94b1aba22', '6172b3b1-9472-45dd-a036-c9dccf7fda8d', 0, 0, 'initial');
INSERT INTO sales (id, patient_id, service_id, appointment_id, professional, date, price, payment_method, card_brand, installments, paid_installments, credit_fee_rate, net_amount, location_id, down_payment_amount, down_payment_method, notes) VALUES ('880c3b55-ce45-4f0f-8871-f9946974785c', '39d98358-da9f-4326-9925-83933bd886b8', '12e8757c-d161-4341-bc86-171c69af386a', NULL, 'Dr. Murilo', '2025-04-22', 750.0, 'pixInstallment', '', 2, 1, 0.0, 750.0, 'd265682b-7f5e-4fba-b436-83da89c91aab', 400.0, 'pix', 'Dona Leni');
INSERT INTO sale_products (id, sale_id, product_id, qty, cost_at_sale, session_type) VALUES ('66da4167-5b5d-43d8-b7af-45ea21096157', '880c3b55-ce45-4f0f-8871-f9946974785c', '6172b3b1-9472-45dd-a036-c9dccf7fda8d', 0, 0, 'initial');
INSERT INTO sales (id, patient_id, service_id, appointment_id, professional, date, price, payment_method, card_brand, installments, paid_installments, credit_fee_rate, net_amount, location_id, down_payment_amount, down_payment_method, notes) VALUES ('3db21b1e-726f-4107-923b-b06bb5ad2440', '39d98358-da9f-4326-9925-83933bd886b8', 'ea71da92-d37c-414a-a783-360a25933755', NULL, 'Dr. Murilo', '2025-04-22', 700.0, 'pixInstallment', '', 2, 1, 0.0, 700.0, 'd265682b-7f5e-4fba-b436-83da89c91aab', 400.0, 'pix', '');
INSERT INTO sale_products (id, sale_id, product_id, qty, cost_at_sale, session_type) VALUES ('49cb3b95-47b9-48a9-8baf-29849e941cc6', '3db21b1e-726f-4107-923b-b06bb5ad2440', '177c9895-073a-46d2-98b6-d135491d348e', 0, 0, 'initial');
INSERT INTO sales (id, patient_id, service_id, appointment_id, professional, date, price, payment_method, card_brand, installments, paid_installments, credit_fee_rate, net_amount, location_id, down_payment_amount, down_payment_method, notes) VALUES ('d73f50a6-a978-43ce-85a4-246a7f96966d', '248fe4ce-fd93-44b9-aac6-47067e3856aa', 'ea71da92-d37c-414a-a783-360a25933755', NULL, 'Dr. Murilo', '2025-04-28', 750.0, 'credit', '', 2, 2, 0.0, 716.0, '191e21f4-daff-4df4-9b7c-4e95ca173d5b', 0.0, '', '');
INSERT INTO sale_products (id, sale_id, product_id, qty, cost_at_sale, session_type) VALUES ('8e5e5892-8604-4b37-9642-1a99e6c64176', 'd73f50a6-a978-43ce-85a4-246a7f96966d', '177c9895-073a-46d2-98b6-d135491d348e', 0, 0, 'initial');
INSERT INTO sales (id, patient_id, service_id, appointment_id, professional, date, price, payment_method, card_brand, installments, paid_installments, credit_fee_rate, net_amount, location_id, down_payment_amount, down_payment_method, notes) VALUES ('76a275dc-252e-45a5-9f4d-da141329bef9', '248fe4ce-fd93-44b9-aac6-47067e3856aa', 'e659b4bf-e7e4-43ea-8db6-756bd6c3e618', NULL, 'Dr. Murilo', '2025-04-28', 1700.0, 'credit', '', 2, 2, 0.0, 1623.32, '191e21f4-daff-4df4-9b7c-4e95ca173d5b', 0.0, '', '');
INSERT INTO sale_products (id, sale_id, product_id, qty, cost_at_sale, session_type) VALUES ('3960a49e-445c-4a7b-84aa-7659b5d5038c', '76a275dc-252e-45a5-9f4d-da141329bef9', 'a2d322b9-05e9-44f8-aa8e-4c162a452753', 0, 0, 'initial');
INSERT INTO sales (id, patient_id, service_id, appointment_id, professional, date, price, payment_method, card_brand, installments, paid_installments, credit_fee_rate, net_amount, location_id, down_payment_amount, down_payment_method, notes) VALUES ('d6c46fe2-54f4-42de-be48-26847ea8586f', '98d30ddd-0a53-45d8-bf9f-0089a175dcf7', 'ea71da92-d37c-414a-a783-360a25933755', NULL, 'Dr. Murilo', '2025-05-06', 750.0, 'pix', '', 1, 1, 0.0, 750.0, '191e21f4-daff-4df4-9b7c-4e95ca173d5b', 0.0, '', '');
INSERT INTO sale_products (id, sale_id, product_id, qty, cost_at_sale, session_type) VALUES ('a39b6b22-a225-44d4-a7cc-c763ac47df3c', 'd6c46fe2-54f4-42de-be48-26847ea8586f', '177c9895-073a-46d2-98b6-d135491d348e', 0, 0, 'initial');
INSERT INTO sales (id, patient_id, service_id, appointment_id, professional, date, price, payment_method, card_brand, installments, paid_installments, credit_fee_rate, net_amount, location_id, down_payment_amount, down_payment_method, notes) VALUES ('284b3298-9d2a-4883-9ec6-71127301069c', '98d30ddd-0a53-45d8-bf9f-0089a175dcf7', '17cedb70-32e1-4f56-ab7c-8a7f36c3d8b4', NULL, 'Dr. Murilo', '2025-05-06', 750.0, 'pix', '', 1, 1, 0.0, 750.0, '191e21f4-daff-4df4-9b7c-4e95ca173d5b', 0.0, '', '');
INSERT INTO sale_products (id, sale_id, product_id, qty, cost_at_sale, session_type) VALUES ('aa28e3c3-43bd-4ead-b3ef-7f88d9610c00', '284b3298-9d2a-4883-9ec6-71127301069c', '6172b3b1-9472-45dd-a036-c9dccf7fda8d', 0, 0, 'initial');
INSERT INTO sales (id, patient_id, service_id, appointment_id, professional, date, price, payment_method, card_brand, installments, paid_installments, credit_fee_rate, net_amount, location_id, down_payment_amount, down_payment_method, notes) VALUES ('8716bb29-b5cd-4170-b37f-c2c7b78e50fd', '98d30ddd-0a53-45d8-bf9f-0089a175dcf7', '6973afb5-839c-49fa-8369-98bbd086a789', NULL, 'Dr. Murilo', '2025-05-06', 750.0, 'pix', '', 1, 1, 0.0, 750.0, '191e21f4-daff-4df4-9b7c-4e95ca173d5b', 0.0, '', '');
INSERT INTO sale_products (id, sale_id, product_id, qty, cost_at_sale, session_type) VALUES ('5ef19b7f-684a-4bbb-8341-0ca6b8cd8058', '8716bb29-b5cd-4170-b37f-c2c7b78e50fd', '6172b3b1-9472-45dd-a036-c9dccf7fda8d', 0, 0, 'initial');
INSERT INTO sales (id, patient_id, service_id, appointment_id, professional, date, price, payment_method, card_brand, installments, paid_installments, credit_fee_rate, net_amount, location_id, down_payment_amount, down_payment_method, notes) VALUES ('52da6699-c75a-4e5e-85e7-673b792c4690', '98d30ddd-0a53-45d8-bf9f-0089a175dcf7', '6973afb5-839c-49fa-8369-98bbd086a789', NULL, 'Dr. Murilo', '2025-05-06', 750.0, 'pix', '', 1, 1, 0.0, 750.0, '191e21f4-daff-4df4-9b7c-4e95ca173d5b', 0.0, '', '');
INSERT INTO sale_products (id, sale_id, product_id, qty, cost_at_sale, session_type) VALUES ('bcd136da-5010-458f-a25c-aa82204b9378', '52da6699-c75a-4e5e-85e7-673b792c4690', '6172b3b1-9472-45dd-a036-c9dccf7fda8d', 0, 0, 'initial');
INSERT INTO sales (id, patient_id, service_id, appointment_id, professional, date, price, payment_method, card_brand, installments, paid_installments, credit_fee_rate, net_amount, location_id, down_payment_amount, down_payment_method, notes) VALUES ('2c841f4b-2cb0-46a7-8fcd-e3ce9e18b105', '98d30ddd-0a53-45d8-bf9f-0089a175dcf7', 'c052607d-ad79-4e86-83b8-9dc2fb5ce843', NULL, 'Dr. Murilo', '2025-05-06', 1400.0, 'credit', '', 3, 3, 0.0, 1326.92, '191e21f4-daff-4df4-9b7c-4e95ca173d5b', 0.0, '', '');
INSERT INTO sale_products (id, sale_id, product_id, qty, cost_at_sale, session_type) VALUES ('3a45758d-fd22-4b1a-905e-0284abc19312', '2c841f4b-2cb0-46a7-8fcd-e3ce9e18b105', 'f5877158-bc04-476c-baa0-da2bca288f39', 0, 0, 'initial');
INSERT INTO sales (id, patient_id, service_id, appointment_id, professional, date, price, payment_method, card_brand, installments, paid_installments, credit_fee_rate, net_amount, location_id, down_payment_amount, down_payment_method, notes) VALUES ('8ba7a1a7-6ee9-440e-8ba8-25234e0051ad', 'e87d3701-9043-427e-bcdf-50135456ccb7', 'ea71da92-d37c-414a-a783-360a25933755', NULL, 'Dr. Murilo', '2025-05-06', 1400.0, 'credit', '', 3, 3, 0.0, 1326.92, '191e21f4-daff-4df4-9b7c-4e95ca173d5b', 0.0, '', '');
INSERT INTO sale_products (id, sale_id, product_id, qty, cost_at_sale, session_type) VALUES ('1bf77862-427f-410d-a3c4-9850310f5d5a', '8ba7a1a7-6ee9-440e-8ba8-25234e0051ad', '177c9895-073a-46d2-98b6-d135491d348e', 0, 0, 'initial');
INSERT INTO sales (id, patient_id, service_id, appointment_id, professional, date, price, payment_method, card_brand, installments, paid_installments, credit_fee_rate, net_amount, location_id, down_payment_amount, down_payment_method, notes) VALUES ('3f637790-01b5-499f-9317-299ce225470c', '2ce17549-c5c1-4f8d-9177-09bb751caf33', '31c43d31-1592-4ca3-909c-a63697fa95c2', NULL, 'Dr. Murilo', '2025-05-09', 700.0, 'cash', '', 1, 1, 0.0, 600.0, '191e21f4-daff-4df4-9b7c-4e95ca173d5b', 0.0, '', '');
INSERT INTO sale_products (id, sale_id, product_id, qty, cost_at_sale, session_type) VALUES ('bfaaddfd-8e3a-4188-9e5b-664a60cf5988', '3f637790-01b5-499f-9317-299ce225470c', '177c9895-073a-46d2-98b6-d135491d348e', 0, 0, 'initial');
INSERT INTO sales (id, patient_id, service_id, appointment_id, professional, date, price, payment_method, card_brand, installments, paid_installments, credit_fee_rate, net_amount, location_id, down_payment_amount, down_payment_method, notes) VALUES ('b2ae3561-dc4d-4c11-a802-7233f0a3993d', '2ce17549-c5c1-4f8d-9177-09bb751caf33', '308c7a51-9fe4-4be7-934b-b2864273468c', NULL, 'Dr. Murilo', '2025-05-09', 700.0, 'debit', '', 1, 1, 0.0, 197.1, '191e21f4-daff-4df4-9b7c-4e95ca173d5b', 0.0, '', '');
INSERT INTO sale_products (id, sale_id, product_id, qty, cost_at_sale, session_type) VALUES ('f0572f4c-0d71-471c-95f2-ed6549a2c631', 'b2ae3561-dc4d-4c11-a802-7233f0a3993d', '6172b3b1-9472-45dd-a036-c9dccf7fda8d', 0, 0, 'initial');
INSERT INTO sales (id, patient_id, service_id, appointment_id, professional, date, price, payment_method, card_brand, installments, paid_installments, credit_fee_rate, net_amount, location_id, down_payment_amount, down_payment_method, notes) VALUES ('0bf5416a-98b1-425b-a4af-0ebf93cb8d8d', 'e342264b-b1a5-4800-a9e3-61eb2421fed3', 'ea71da92-d37c-414a-a783-360a25933755', NULL, 'Dr. Murilo', '2025-05-14', 899.0, 'credit', '', 1, 1, 0.0, 872.84, '191e21f4-daff-4df4-9b7c-4e95ca173d5b', 0.0, '', '');
INSERT INTO sale_products (id, sale_id, product_id, qty, cost_at_sale, session_type) VALUES ('661bc281-3062-4c01-87ff-bdd3df3a0876', '0bf5416a-98b1-425b-a4af-0ebf93cb8d8d', '177c9895-073a-46d2-98b6-d135491d348e', 0, 0, 'initial');
INSERT INTO sales (id, patient_id, service_id, appointment_id, professional, date, price, payment_method, card_brand, installments, paid_installments, credit_fee_rate, net_amount, location_id, down_payment_amount, down_payment_method, notes) VALUES ('26e81b3d-e8da-438a-8dbf-57e2b4bf6a8e', '90326666-866d-4479-844c-47e8c56193b6', 'ea71da92-d37c-414a-a783-360a25933755', NULL, 'Dr. Murilo', '2025-05-19', 899.0, 'credit', '', 4, 4, 0.0, 845.6, '191e21f4-daff-4df4-9b7c-4e95ca173d5b', 0.0, '', '');
INSERT INTO sale_products (id, sale_id, product_id, qty, cost_at_sale, session_type) VALUES ('0c6a9e24-c068-4163-967d-a66ff39ebaf5', '26e81b3d-e8da-438a-8dbf-57e2b4bf6a8e', '177c9895-073a-46d2-98b6-d135491d348e', 0, 0, 'initial');
INSERT INTO sales (id, patient_id, service_id, appointment_id, professional, date, price, payment_method, card_brand, installments, paid_installments, credit_fee_rate, net_amount, location_id, down_payment_amount, down_payment_method, notes) VALUES ('4fead03e-a0bc-4349-ac85-57ced0d6450d', '41ed164e-e44f-40eb-8933-2dbbc2be0b84', 'ea71da92-d37c-414a-a783-360a25933755', NULL, 'Dr. Murilo', '2025-05-19', 600.0, 'credit', '', 1, 1, 0.0, 582.54, '191e21f4-daff-4df4-9b7c-4e95ca173d5b', 0.0, '', '');
INSERT INTO sale_products (id, sale_id, product_id, qty, cost_at_sale, session_type) VALUES ('59ef200b-c71e-4ded-a013-c290438942e3', '4fead03e-a0bc-4349-ac85-57ced0d6450d', '177c9895-073a-46d2-98b6-d135491d348e', 0, 0, 'initial');
INSERT INTO sales (id, patient_id, service_id, appointment_id, professional, date, price, payment_method, card_brand, installments, paid_installments, credit_fee_rate, net_amount, location_id, down_payment_amount, down_payment_method, notes) VALUES ('036a5f6c-858b-472a-a7d5-772202fcf2aa', '077e7b7c-e617-4038-8ffe-f6000106c932', 'e659b4bf-e7e4-43ea-8db6-756bd6c3e618', NULL, 'Dr. Murilo', '2025-05-25', 1000.0, 'pix', '', 1, 1, 0.0, 1000.0, 'd265682b-7f5e-4fba-b436-83da89c91aab', 0.0, '', '');
INSERT INTO sale_products (id, sale_id, product_id, qty, cost_at_sale, session_type) VALUES ('f1ee0531-21f7-4473-a7d0-c9b60ba64ed3', '036a5f6c-858b-472a-a7d5-772202fcf2aa', 'a2d322b9-05e9-44f8-aa8e-4c162a452753', 0, 0, 'initial');
INSERT INTO sales (id, patient_id, service_id, appointment_id, professional, date, price, payment_method, card_brand, installments, paid_installments, credit_fee_rate, net_amount, location_id, down_payment_amount, down_payment_method, notes) VALUES ('5c303c4b-3072-4f9c-8ddf-c1b5617a9436', 'b8b7b731-506c-42ee-b048-c00ccf045d20', '9290f2d1-3cec-49da-bc13-4a0af805285a', NULL, 'Dr. Murilo', '2025-05-26', 850.0, 'credit', '', 4, 4, 0.0, 799.5, '191e21f4-daff-4df4-9b7c-4e95ca173d5b', 0.0, '', '');
INSERT INTO sale_products (id, sale_id, product_id, qty, cost_at_sale, session_type) VALUES ('fb8dfa43-bb40-4ca7-b9be-667da6b80042', '5c303c4b-3072-4f9c-8ddf-c1b5617a9436', '6172b3b1-9472-45dd-a036-c9dccf7fda8d', 0, 0, 'initial');
INSERT INTO sales (id, patient_id, service_id, appointment_id, professional, date, price, payment_method, card_brand, installments, paid_installments, credit_fee_rate, net_amount, location_id, down_payment_amount, down_payment_method, notes) VALUES ('3fd6a528-03fd-4b06-8710-35e5216afeb9', '2a0d69b9-2991-4075-846d-ce68411ef664', 'ea71da92-d37c-414a-a783-360a25933755', NULL, 'Dr. Murilo', '2025-05-29', 850.0, 'credit', '', 6, 6, 0.0, 787.43, '191e21f4-daff-4df4-9b7c-4e95ca173d5b', 0.0, '', '');
INSERT INTO sale_products (id, sale_id, product_id, qty, cost_at_sale, session_type) VALUES ('7da5ef95-e420-41ec-bc92-d4eb955da716', '3fd6a528-03fd-4b06-8710-35e5216afeb9', '177c9895-073a-46d2-98b6-d135491d348e', 0, 0, 'initial');
INSERT INTO sales (id, patient_id, service_id, appointment_id, professional, date, price, payment_method, card_brand, installments, paid_installments, credit_fee_rate, net_amount, location_id, down_payment_amount, down_payment_method, notes) VALUES ('392dd486-06ad-41d5-8cf8-8c9080acb1a9', '41ed164e-e44f-40eb-8933-2dbbc2be0b84', 'e659b4bf-e7e4-43ea-8db6-756bd6c3e618', NULL, 'Dr. Murilo', '2025-06-04', 1200.0, 'credit', '', 2, 2, 0.0, 582.54, '191e21f4-daff-4df4-9b7c-4e95ca173d5b', 0.0, '', '');
INSERT INTO sale_products (id, sale_id, product_id, qty, cost_at_sale, session_type) VALUES ('0724699c-65c3-42c9-97c3-20540ea36be2', '392dd486-06ad-41d5-8cf8-8c9080acb1a9', '50b26770-e479-47bb-aff8-7bc881c6abb4', 0, 0, 'initial');
INSERT INTO sales (id, patient_id, service_id, appointment_id, professional, date, price, payment_method, card_brand, installments, paid_installments, credit_fee_rate, net_amount, location_id, down_payment_amount, down_payment_method, notes) VALUES ('12f7fb58-b692-488a-8bb3-b18c29032c44', 'dba2c3fa-774f-4243-9a85-5a51a3c9e250', 'ea71da92-d37c-414a-a783-360a25933755', NULL, 'Dr. Murilo', '2025-06-04', 850.0, 'pixInstallment', '', 3, 0, 0.0, 850.0, '191e21f4-daff-4df4-9b7c-4e95ca173d5b', 0.0, '', '');
INSERT INTO sale_products (id, sale_id, product_id, qty, cost_at_sale, session_type) VALUES ('234489cd-164e-439b-8232-73d98244e4d6', '12f7fb58-b692-488a-8bb3-b18c29032c44', '177c9895-073a-46d2-98b6-d135491d348e', 0, 0, 'initial');
INSERT INTO sales (id, patient_id, service_id, appointment_id, professional, date, price, payment_method, card_brand, installments, paid_installments, credit_fee_rate, net_amount, location_id, down_payment_amount, down_payment_method, notes) VALUES ('77e7d550-4e63-43e7-838c-9b49596fb895', 'e7866859-0cfe-4217-af2c-c58257f9ddf8', 'ea71da92-d37c-414a-a783-360a25933755', NULL, 'Dr. Murilo', '2025-06-05', 809.0, 'credit', '', 2, 2, 0.0, 772.68, '191e21f4-daff-4df4-9b7c-4e95ca173d5b', 0.0, '', '');
INSERT INTO sale_products (id, sale_id, product_id, qty, cost_at_sale, session_type) VALUES ('af4e36aa-fcb7-4459-b8f5-4c65b7d95f06', '77e7d550-4e63-43e7-838c-9b49596fb895', '177c9895-073a-46d2-98b6-d135491d348e', 0, 0, 'initial');
INSERT INTO sales (id, patient_id, service_id, appointment_id, professional, date, price, payment_method, card_brand, installments, paid_installments, credit_fee_rate, net_amount, location_id, down_payment_amount, down_payment_method, notes) VALUES ('f53fb98a-e747-4eb3-b60a-3dd20a48a87a', '2a9f170b-40b7-4dee-bbe9-08e580aed35a', 'ea71da92-d37c-414a-a783-360a25933755', NULL, 'Dr. Murilo', '2025-06-06', 850.0, 'pix', '', 1, 1, 0.0, 850.0, 'd265682b-7f5e-4fba-b436-83da89c91aab', 0.0, '', '');
INSERT INTO sale_products (id, sale_id, product_id, qty, cost_at_sale, session_type) VALUES ('d3d91575-50f2-4424-9e24-e4a742fd5a62', 'f53fb98a-e747-4eb3-b60a-3dd20a48a87a', '177c9895-073a-46d2-98b6-d135491d348e', 0, 0, 'initial');
INSERT INTO sales (id, patient_id, service_id, appointment_id, professional, date, price, payment_method, card_brand, installments, paid_installments, credit_fee_rate, net_amount, location_id, down_payment_amount, down_payment_method, notes) VALUES ('9f0784c3-856f-453d-916c-7567a1f6b40f', '3a277af6-28e2-4d20-9d02-93e07bd9d802', 'ea71da92-d37c-414a-a783-360a25933755', NULL, 'Dr. Murilo', '2025-06-06', 780.0, 'credit', '', 8, 8, 0.0, 711.28, 'd265682b-7f5e-4fba-b436-83da89c91aab', 0.0, '', '');
INSERT INTO sale_products (id, sale_id, product_id, qty, cost_at_sale, session_type) VALUES ('7c8a7cd2-d6c9-4024-8613-1dfdfafa05c0', '9f0784c3-856f-453d-916c-7567a1f6b40f', '177c9895-073a-46d2-98b6-d135491d348e', 0, 0, 'initial');
INSERT INTO sales (id, patient_id, service_id, appointment_id, professional, date, price, payment_method, card_brand, installments, paid_installments, credit_fee_rate, net_amount, location_id, down_payment_amount, down_payment_method, notes) VALUES ('e630d34f-f200-43db-8686-b844bd5d7190', '3a277af6-28e2-4d20-9d02-93e07bd9d802', '308c7a51-9fe4-4be7-934b-b2864273468c', NULL, 'Dr. Murilo', '2025-06-06', 780.0, 'credit', '', 8, 8, 0.0, 711.28, 'd265682b-7f5e-4fba-b436-83da89c91aab', 0.0, '', '');
INSERT INTO sale_products (id, sale_id, product_id, qty, cost_at_sale, session_type) VALUES ('9f0d4928-ede9-41ed-9097-236ff863d3f2', 'e630d34f-f200-43db-8686-b844bd5d7190', '6172b3b1-9472-45dd-a036-c9dccf7fda8d', 0, 0, 'initial');
INSERT INTO sales (id, patient_id, service_id, appointment_id, professional, date, price, payment_method, card_brand, installments, paid_installments, credit_fee_rate, net_amount, location_id, down_payment_amount, down_payment_method, notes) VALUES ('7a64feb0-0cb4-497d-84f0-7437d7d3079e', 'f246b489-7d5d-4a17-881d-a9f4e32605ef', 'ea71da92-d37c-414a-a783-360a25933755', NULL, 'Dr. Murilo', '2025-06-06', 900.0, 'pix', '', 1, 1, 0.0, 900.0, 'd265682b-7f5e-4fba-b436-83da89c91aab', 0.0, '', '');
INSERT INTO sale_products (id, sale_id, product_id, qty, cost_at_sale, session_type) VALUES ('ce9738b9-6caf-4f50-8ddf-8c7cd471730d', '7a64feb0-0cb4-497d-84f0-7437d7d3079e', '177c9895-073a-46d2-98b6-d135491d348e', 0, 0, 'initial');
INSERT INTO sales (id, patient_id, service_id, appointment_id, professional, date, price, payment_method, card_brand, installments, paid_installments, credit_fee_rate, net_amount, location_id, down_payment_amount, down_payment_method, notes) VALUES ('68a8fdfc-6491-4f9c-9cae-f7c9f21fb3db', '6978960a-1bcf-4a8c-bd77-be53fa86ac21', 'ea71da92-d37c-414a-a783-360a25933755', NULL, 'Dr. Murilo', '2025-06-08', 900.0, 'pix', '', 1, 1, 0.0, 900.0, 'd265682b-7f5e-4fba-b436-83da89c91aab', 0.0, '', '');
INSERT INTO sale_products (id, sale_id, product_id, qty, cost_at_sale, session_type) VALUES ('2dd7e369-3996-42ed-9bc9-01f8fb8f88b3', '68a8fdfc-6491-4f9c-9cae-f7c9f21fb3db', '177c9895-073a-46d2-98b6-d135491d348e', 0, 0, 'initial');
INSERT INTO sales (id, patient_id, service_id, appointment_id, professional, date, price, payment_method, card_brand, installments, paid_installments, credit_fee_rate, net_amount, location_id, down_payment_amount, down_payment_method, notes) VALUES ('8201472d-ee26-4efa-b3d4-5050067065d4', '95cecfd2-a6b0-4b2d-8ec2-6b7fa1b6c6ad', 'ea71da92-d37c-414a-a783-360a25933755', NULL, 'Dr. Murilo', '2025-06-17', 899.0, 'pix', '', 1, 1, 0.0, 899.0, 'd265682b-7f5e-4fba-b436-83da89c91aab', 0.0, '', '');
INSERT INTO sale_products (id, sale_id, product_id, qty, cost_at_sale, session_type) VALUES ('b2a80766-a703-44de-8872-b465ecd2b564', '8201472d-ee26-4efa-b3d4-5050067065d4', '177c9895-073a-46d2-98b6-d135491d348e', 0, 0, 'initial');
INSERT INTO sales (id, patient_id, service_id, appointment_id, professional, date, price, payment_method, card_brand, installments, paid_installments, credit_fee_rate, net_amount, location_id, down_payment_amount, down_payment_method, notes) VALUES ('6569698a-5157-4e2f-be62-8e70896a84bb', '8c01f5be-19ab-4742-a9cb-d0dd7128a933', 'ea71da92-d37c-414a-a783-360a25933755', NULL, 'Dr. Murilo', '2025-06-17', 899.0, 'pix', '', 1, 1, 0.0, 899.0, 'd265682b-7f5e-4fba-b436-83da89c91aab', 0.0, '', '');
INSERT INTO sale_products (id, sale_id, product_id, qty, cost_at_sale, session_type) VALUES ('345bf84c-a872-4462-ad46-6981dfa4533f', '6569698a-5157-4e2f-be62-8e70896a84bb', '177c9895-073a-46d2-98b6-d135491d348e', 0, 0, 'initial');
INSERT INTO sales (id, patient_id, service_id, appointment_id, professional, date, price, payment_method, card_brand, installments, paid_installments, credit_fee_rate, net_amount, location_id, down_payment_amount, down_payment_method, notes) VALUES ('828ff880-de6e-4f64-8e39-f4facaaf6b6f', '910d11cb-b105-47f7-80fb-896742dc174a', 'a134f1ce-4c8e-4f77-8686-16161b88b930', NULL, 'Dr. Murilo', '2025-06-17', 1000.0, 'credit', '', 4, 4, 0.0, 940.4, 'f10b3675-1fb8-48b5-b332-2a3859868c53', 0.0, '', '');
INSERT INTO sale_products (id, sale_id, product_id, qty, cost_at_sale, session_type) VALUES ('b9f3c060-3119-4df7-be47-ebf0d23a11e0', '828ff880-de6e-4f64-8e39-f4facaaf6b6f', '3d5036a9-d995-4853-8f5d-03e1f8be29b6', 0, 0, 'initial');
INSERT INTO sales (id, patient_id, service_id, appointment_id, professional, date, price, payment_method, card_brand, installments, paid_installments, credit_fee_rate, net_amount, location_id, down_payment_amount, down_payment_method, notes) VALUES ('f418dfd1-8275-4ba3-89eb-2383cba6e2d7', '910d11cb-b105-47f7-80fb-896742dc174a', '59c0fa24-0159-411b-8941-d1389f5a559c', NULL, 'Dr. Murilo', '2025-06-17', 875.0, 'cash', '', 1, 1, 0.0, 875.0, 'f10b3675-1fb8-48b5-b332-2a3859868c53', 0.0, '', '');
INSERT INTO sale_products (id, sale_id, product_id, qty, cost_at_sale, session_type) VALUES ('edc0969a-f6be-459d-b96b-d09ee6cac227', 'f418dfd1-8275-4ba3-89eb-2383cba6e2d7', 'b35d4f9e-4cdd-480d-b59a-9dd9516fa899', 0, 0, 'initial');
INSERT INTO sales (id, patient_id, service_id, appointment_id, professional, date, price, payment_method, card_brand, installments, paid_installments, credit_fee_rate, net_amount, location_id, down_payment_amount, down_payment_method, notes) VALUES ('634a3183-1246-4e06-b000-6ba41854a972', '910d11cb-b105-47f7-80fb-896742dc174a', '02084f20-0f66-4fa4-b137-3737f0c74984', NULL, 'Dr. Murilo', '2025-06-17', 875.0, 'cash', '', 1, 1, 0.0, 875.0, 'f10b3675-1fb8-48b5-b332-2a3859868c53', 0.0, '', '');
INSERT INTO sale_products (id, sale_id, product_id, qty, cost_at_sale, session_type) VALUES ('edef5d2b-f21a-4ca7-9e42-7e4f783dc909', '634a3183-1246-4e06-b000-6ba41854a972', '3d5036a9-d995-4853-8f5d-03e1f8be29b6', 0, 0, 'initial');
INSERT INTO sales (id, patient_id, service_id, appointment_id, professional, date, price, payment_method, card_brand, installments, paid_installments, credit_fee_rate, net_amount, location_id, down_payment_amount, down_payment_method, notes) VALUES ('a3cd216f-5d64-4618-9444-b9bbfe1eb642', '84bbebfa-d10f-4227-8d4d-4faf0b4c93c3', 'ea71da92-d37c-414a-a783-360a25933755', NULL, 'Dr. Murilo', '2025-06-17', 899.0, 'credit', '', 3, 3, 0.0, 852.07, 'd265682b-7f5e-4fba-b436-83da89c91aab', 0.0, '', '');
INSERT INTO sale_products (id, sale_id, product_id, qty, cost_at_sale, session_type) VALUES ('03ab8976-2499-434e-81cb-8c60c3dfdfe4', 'a3cd216f-5d64-4618-9444-b9bbfe1eb642', '177c9895-073a-46d2-98b6-d135491d348e', 0, 0, 'initial');
INSERT INTO sales (id, patient_id, service_id, appointment_id, professional, date, price, payment_method, card_brand, installments, paid_installments, credit_fee_rate, net_amount, location_id, down_payment_amount, down_payment_method, notes) VALUES ('9445d1e3-c280-49da-8ab7-44a60000b24c', 'c50b920b-d58e-4cff-bb8a-c4bfb1d143ec', 'ea71da92-d37c-414a-a783-360a25933755', NULL, 'Dr. Murilo', '2025-06-26', 850.0, 'credit', '', 6, 6, 0.0, 787.44, '191e21f4-daff-4df4-9b7c-4e95ca173d5b', 0.0, '', '');
INSERT INTO sale_products (id, sale_id, product_id, qty, cost_at_sale, session_type) VALUES ('2cfce0a2-c5ec-42ef-8a36-ffa358204834', '9445d1e3-c280-49da-8ab7-44a60000b24c', '177c9895-073a-46d2-98b6-d135491d348e', 0, 0, 'initial');
INSERT INTO sales (id, patient_id, service_id, appointment_id, professional, date, price, payment_method, card_brand, installments, paid_installments, credit_fee_rate, net_amount, location_id, down_payment_amount, down_payment_method, notes) VALUES ('a29676d2-d792-4ae7-a90f-f690d45fe53c', 'd562ecf5-dbc6-4c82-8690-63ee0392b36f', 'ea71da92-d37c-414a-a783-360a25933755', NULL, 'Dr. Murilo', '2025-06-26', 850.0, 'credit', '', 6, 6, 0.0, 787.44, '191e21f4-daff-4df4-9b7c-4e95ca173d5b', 0.0, '', '');
INSERT INTO sale_products (id, sale_id, product_id, qty, cost_at_sale, session_type) VALUES ('a5c7c0ac-3da3-4a52-a863-a039838030a5', 'a29676d2-d792-4ae7-a90f-f690d45fe53c', '177c9895-073a-46d2-98b6-d135491d348e', 0, 0, 'initial');
INSERT INTO sales (id, patient_id, service_id, appointment_id, professional, date, price, payment_method, card_brand, installments, paid_installments, credit_fee_rate, net_amount, location_id, down_payment_amount, down_payment_method, notes) VALUES ('d21d004c-8a50-405a-a6fe-44e25f2f921b', '6e70d758-be11-4717-9cc5-afbfce0dfb7c', 'ea71da92-d37c-414a-a783-360a25933755', NULL, 'Dr. Murilo', '2025-07-03', 833.0, 'pix', '', 1, 1, 0.0, 833.0, '191e21f4-daff-4df4-9b7c-4e95ca173d5b', 0.0, '', '');
INSERT INTO sale_products (id, sale_id, product_id, qty, cost_at_sale, session_type) VALUES ('1ca55cfe-e061-4509-8417-bb613e3b80c3', 'd21d004c-8a50-405a-a6fe-44e25f2f921b', '177c9895-073a-46d2-98b6-d135491d348e', 0, 0, 'initial');
INSERT INTO sales (id, patient_id, service_id, appointment_id, professional, date, price, payment_method, card_brand, installments, paid_installments, credit_fee_rate, net_amount, location_id, down_payment_amount, down_payment_method, notes) VALUES ('2ae4fd56-f28c-4575-b167-22a6b2442716', '6e70d758-be11-4717-9cc5-afbfce0dfb7c', '59c0fa24-0159-411b-8941-d1389f5a559c', NULL, 'Dr. Murilo', '2025-07-03', 833.0, 'pix', '', 1, 1, 0.0, 833.0, '191e21f4-daff-4df4-9b7c-4e95ca173d5b', 0.0, '', '');
INSERT INTO sale_products (id, sale_id, product_id, qty, cost_at_sale, session_type) VALUES ('d36e2c0a-580c-4801-abd9-233e37ab5c80', '2ae4fd56-f28c-4575-b167-22a6b2442716', 'b35d4f9e-4cdd-480d-b59a-9dd9516fa899', 0, 0, 'initial');
INSERT INTO sales (id, patient_id, service_id, appointment_id, professional, date, price, payment_method, card_brand, installments, paid_installments, credit_fee_rate, net_amount, location_id, down_payment_amount, down_payment_method, notes) VALUES ('c0f1305d-ea68-4b11-8acc-9ceca7a7781c', '6e70d758-be11-4717-9cc5-afbfce0dfb7c', '9290f2d1-3cec-49da-bc13-4a0af805285a', NULL, 'Dr. Murilo', '2025-07-03', 833.0, 'pix', '', 1, 1, 0.0, 833.0, '191e21f4-daff-4df4-9b7c-4e95ca173d5b', 0.0, '', '');
INSERT INTO sale_products (id, sale_id, product_id, qty, cost_at_sale, session_type) VALUES ('6023bd6c-51d4-4120-8450-143bee55a278', 'c0f1305d-ea68-4b11-8acc-9ceca7a7781c', '18727f89-f1c2-47f6-a51a-ef8180bdfa8d', 0, 0, 'initial');
INSERT INTO sales (id, patient_id, service_id, appointment_id, professional, date, price, payment_method, card_brand, installments, paid_installments, credit_fee_rate, net_amount, location_id, down_payment_amount, down_payment_method, notes) VALUES ('ff2145f8-4291-42da-a2dc-519354264fcd', '616448bb-d310-4183-b6a4-4c72a38e4ae7', 'ea71da92-d37c-414a-a783-360a25933755', NULL, 'Dr. Murilo', '2025-07-09', 899.0, 'credit', '', 1, 1, 0.0, 872.84, '191e21f4-daff-4df4-9b7c-4e95ca173d5b', 0.0, '', '');
INSERT INTO sale_products (id, sale_id, product_id, qty, cost_at_sale, session_type) VALUES ('b594b735-50ee-4f5f-b32a-3f87b6dd202e', 'ff2145f8-4291-42da-a2dc-519354264fcd', '177c9895-073a-46d2-98b6-d135491d348e', 0, 0, 'initial');
INSERT INTO sales (id, patient_id, service_id, appointment_id, professional, date, price, payment_method, card_brand, installments, paid_installments, credit_fee_rate, net_amount, location_id, down_payment_amount, down_payment_method, notes) VALUES ('e746bfa1-0ff0-42db-b18b-48af301c8e7c', 'c1ac2e68-c5ad-44da-9292-b376ca7cb534', 'ea71da92-d37c-414a-a783-360a25933755', NULL, 'Dr. Murilo', '2025-07-09', 800.0, 'credit', '', 1, 1, 0.0, 776.72, '191e21f4-daff-4df4-9b7c-4e95ca173d5b', 0.0, '', '');
INSERT INTO sale_products (id, sale_id, product_id, qty, cost_at_sale, session_type) VALUES ('56d85af9-e2b6-457c-838d-2c207a82f984', 'e746bfa1-0ff0-42db-b18b-48af301c8e7c', '177c9895-073a-46d2-98b6-d135491d348e', 0, 0, 'initial');
INSERT INTO sales (id, patient_id, service_id, appointment_id, professional, date, price, payment_method, card_brand, installments, paid_installments, credit_fee_rate, net_amount, location_id, down_payment_amount, down_payment_method, notes) VALUES ('9de11236-9164-44de-a731-54a2bc513bbb', '2ce17549-c5c1-4f8d-9177-09bb751caf33', '27ff3294-5f9d-433a-b49c-e109fca8793e', NULL, 'Dr. Murilo', '2025-07-10', 700.0, 'pixInstallment', '', 1, 0, 0.0, 700.0, '191e21f4-daff-4df4-9b7c-4e95ca173d5b', 0.0, '', '');
INSERT INTO sale_products (id, sale_id, product_id, qty, cost_at_sale, session_type) VALUES ('f045a42f-3e93-4616-961b-7169eef6f0d3', '9de11236-9164-44de-a731-54a2bc513bbb', '6172b3b1-9472-45dd-a036-c9dccf7fda8d', 0, 0, 'initial');
INSERT INTO sales (id, patient_id, service_id, appointment_id, professional, date, price, payment_method, card_brand, installments, paid_installments, credit_fee_rate, net_amount, location_id, down_payment_amount, down_payment_method, notes) VALUES ('c792100b-cdee-4d59-8d7a-d78fd1b48b31', '2ce17549-c5c1-4f8d-9177-09bb751caf33', '5098c666-3e63-41b4-a471-871ccf506745', NULL, 'Dr. Murilo', '2025-07-10', 700.0, 'pixInstallment', '', 1, 0, 0.0, 700.0, '191e21f4-daff-4df4-9b7c-4e95ca173d5b', 0.0, '', '');
INSERT INTO sale_products (id, sale_id, product_id, qty, cost_at_sale, session_type) VALUES ('37e81999-20cd-42b8-ba06-7137d08e12e6', 'c792100b-cdee-4d59-8d7a-d78fd1b48b31', '024999c9-1ae5-4138-b9f4-47a288ac1c0b', 0, 0, 'initial');
INSERT INTO sales (id, patient_id, service_id, appointment_id, professional, date, price, payment_method, card_brand, installments, paid_installments, credit_fee_rate, net_amount, location_id, down_payment_amount, down_payment_method, notes) VALUES ('fd54dcc9-728b-4784-abf7-c60614e414c6', '51a141ae-96fa-4e11-9a22-846f2ed1fb24', 'ea71da92-d37c-414a-a783-360a25933755', NULL, 'Dr. Murilo', '2025-07-12', 670.0, 'credit', '', 1, 1, 0.0, 632.81, '191e21f4-daff-4df4-9b7c-4e95ca173d5b', 0.0, '', '');
INSERT INTO sale_products (id, sale_id, product_id, qty, cost_at_sale, session_type) VALUES ('056df669-63f4-47e1-b9a4-7b99b9a890b7', 'fd54dcc9-728b-4784-abf7-c60614e414c6', '177c9895-073a-46d2-98b6-d135491d348e', 0, 0, 'initial');
INSERT INTO sales (id, patient_id, service_id, appointment_id, professional, date, price, payment_method, card_brand, installments, paid_installments, credit_fee_rate, net_amount, location_id, down_payment_amount, down_payment_method, notes) VALUES ('5400fbe4-b928-41af-a925-bd5758b6fb96', '36aa50f7-2d8c-414d-a0c7-ab77ccee77c6', 'ea71da92-d37c-414a-a783-360a25933755', NULL, 'Dr. Murilo', '2025-07-12', 650.0, 'credit', '', 1, 1, 0.0, 650.0, '191e21f4-daff-4df4-9b7c-4e95ca173d5b', 0.0, '', '');
INSERT INTO sale_products (id, sale_id, product_id, qty, cost_at_sale, session_type) VALUES ('843795fd-91d7-4c66-91e5-240184ee5315', '5400fbe4-b928-41af-a925-bd5758b6fb96', '177c9895-073a-46d2-98b6-d135491d348e', 0, 0, 'initial');
INSERT INTO sales (id, patient_id, service_id, appointment_id, professional, date, price, payment_method, card_brand, installments, paid_installments, credit_fee_rate, net_amount, location_id, down_payment_amount, down_payment_method, notes) VALUES ('7712ca13-9efa-4e39-ae89-069d0c1e5847', 'def64b13-f2e4-463c-b7a9-dd4ac56b9c10', 'ea71da92-d37c-414a-a783-360a25933755', NULL, 'Dr. Murilo', '2025-07-12', 800.0, 'credit', '', 1, 1, 0.0, 800.0, '191e21f4-daff-4df4-9b7c-4e95ca173d5b', 0.0, '', '');
INSERT INTO sale_products (id, sale_id, product_id, qty, cost_at_sale, session_type) VALUES ('a838397d-817e-4e4f-be3f-ac2683f54e26', '7712ca13-9efa-4e39-ae89-069d0c1e5847', '177c9895-073a-46d2-98b6-d135491d348e', 0, 0, 'initial');
INSERT INTO sales (id, patient_id, service_id, appointment_id, professional, date, price, payment_method, card_brand, installments, paid_installments, credit_fee_rate, net_amount, location_id, down_payment_amount, down_payment_method, notes) VALUES ('0e6cb83e-0494-45e4-8e9e-a62bce1a371a', '39d98358-da9f-4326-9925-83933bd886b8', '1fac3a2b-604b-4ece-a49d-56751961171f', NULL, 'Dr. Murilo', '2025-07-16', 3200.0, 'credit', '', 5, 5, 0.0, 2980.81, 'd265682b-7f5e-4fba-b436-83da89c91aab', 0.0, '', '');
INSERT INTO sale_products (id, sale_id, product_id, qty, cost_at_sale, session_type) VALUES ('c98ad4b4-ffa5-4515-adc1-870323e47570', '0e6cb83e-0494-45e4-8e9e-a62bce1a371a', '177c9895-073a-46d2-98b6-d135491d348e', 0, 0, 'initial');
INSERT INTO sales (id, patient_id, service_id, appointment_id, professional, date, price, payment_method, card_brand, installments, paid_installments, credit_fee_rate, net_amount, location_id, down_payment_amount, down_payment_method, notes) VALUES ('045563e7-8ae2-4bd7-935a-6e7fcce25a84', '6978960a-1bcf-4a8c-bd77-be53fa86ac21', '1fac3a2b-604b-4ece-a49d-56751961171f', NULL, 'Dr. Murilo', '2025-07-16', 3200.0, 'credit', '', 5, 5, 0.0, 2976.01, 'd265682b-7f5e-4fba-b436-83da89c91aab', 0.0, '', '');
INSERT INTO sale_products (id, sale_id, product_id, qty, cost_at_sale, session_type) VALUES ('2f99a943-d54e-4592-a7dc-f8ed23117a5f', '045563e7-8ae2-4bd7-935a-6e7fcce25a84', '177c9895-073a-46d2-98b6-d135491d348e', 0, 0, 'initial');
INSERT INTO sales (id, patient_id, service_id, appointment_id, professional, date, price, payment_method, card_brand, installments, paid_installments, credit_fee_rate, net_amount, location_id, down_payment_amount, down_payment_method, notes) VALUES ('2d3b57c6-3576-457e-b224-c757ef70b409', '8a02001f-f50e-477a-a945-a51117392b13', 'ea71da92-d37c-414a-a783-360a25933755', NULL, 'Dr. Murilo', '2025-07-21', 300.0, 'pixInstallment', '', 2, 0, 0.0, 300.0, '191e21f4-daff-4df4-9b7c-4e95ca173d5b', 0.0, '', '');
INSERT INTO sale_products (id, sale_id, product_id, qty, cost_at_sale, session_type) VALUES ('deaabf23-2305-414a-a54a-9bfa4c4fa72e', '2d3b57c6-3576-457e-b224-c757ef70b409', '177c9895-073a-46d2-98b6-d135491d348e', 0, 0, 'initial');
INSERT INTO sales (id, patient_id, service_id, appointment_id, professional, date, price, payment_method, card_brand, installments, paid_installments, credit_fee_rate, net_amount, location_id, down_payment_amount, down_payment_method, notes) VALUES ('12061638-f776-4711-92a4-5624e3315178', '3b5e885a-8740-4f52-863e-fc7a8f9c9060', 'ea71da92-d37c-414a-a783-360a25933755', NULL, 'Dr. Murilo', '2025-07-25', 899.0, 'pix', '', 1, 1, 0.0, 899.0, '191e21f4-daff-4df4-9b7c-4e95ca173d5b', 0.0, '', '');
INSERT INTO sale_products (id, sale_id, product_id, qty, cost_at_sale, session_type) VALUES ('99dffa73-13ac-4bdd-b33e-c78a358a9986', '12061638-f776-4711-92a4-5624e3315178', '177c9895-073a-46d2-98b6-d135491d348e', 0, 0, 'initial');
INSERT INTO sales (id, patient_id, service_id, appointment_id, professional, date, price, payment_method, card_brand, installments, paid_installments, credit_fee_rate, net_amount, location_id, down_payment_amount, down_payment_method, notes) VALUES ('2cd3b65f-9480-49c8-98e1-7758b304cc3c', 'd29890ee-d387-40eb-879e-022508f6be50', 'ea71da92-d37c-414a-a783-360a25933755', NULL, 'Dr. Murilo', '2025-07-29', 627.71, 'pixInstallment', '', 1, 0, 0.0, 627.71, 'de60a341-e609-4aec-9145-af3cc6351b8a', 0.0, '', '');
INSERT INTO sale_products (id, sale_id, product_id, qty, cost_at_sale, session_type) VALUES ('2053e6ac-46bb-40d7-9f77-f5f266dec753', '2cd3b65f-9480-49c8-98e1-7758b304cc3c', '177c9895-073a-46d2-98b6-d135491d348e', 0, 0, 'initial');
INSERT INTO sales (id, patient_id, service_id, appointment_id, professional, date, price, payment_method, card_brand, installments, paid_installments, credit_fee_rate, net_amount, location_id, down_payment_amount, down_payment_method, notes) VALUES ('582fe1bf-bcaa-4c16-9a3b-3e298041f740', '642ec3ed-1b61-42fa-9a61-13cc74115aab', 'eeab7b42-6c09-479a-9e93-0aed61774e41', NULL, 'Dr. Murilo', '2025-07-30', 3200.0, 'credit', '', 1, 1, 0.0, 3141.8, '191e21f4-daff-4df4-9b7c-4e95ca173d5b', 0.0, '', '');
INSERT INTO sale_products (id, sale_id, product_id, qty, cost_at_sale, session_type) VALUES ('0ad2efff-f99e-4135-b076-f228cc230394', '582fe1bf-bcaa-4c16-9a3b-3e298041f740', '0974ed72-51f4-4458-8621-2ce4594e222d', 0, 0, 'initial');
INSERT INTO sales (id, patient_id, service_id, appointment_id, professional, date, price, payment_method, card_brand, installments, paid_installments, credit_fee_rate, net_amount, location_id, down_payment_amount, down_payment_method, notes) VALUES ('d6c67847-df22-4ded-b469-025b024a7a8e', '642ec3ed-1b61-42fa-9a61-13cc74115aab', 'eeab7b42-6c09-479a-9e93-0aed61774e41', NULL, 'Dr. Murilo', '2025-07-30', 800.0, 'credit', '', 1, 1, 0.0, 800.0, '191e21f4-daff-4df4-9b7c-4e95ca173d5b', 0.0, '', '');
INSERT INTO sale_products (id, sale_id, product_id, qty, cost_at_sale, session_type) VALUES ('1e886bf4-69bd-439a-a2df-47ff05700c3d', 'd6c67847-df22-4ded-b469-025b024a7a8e', '74a7d1b2-ffaa-4e6e-99ca-238082e4d9cc', 0, 0, 'initial');
INSERT INTO sales (id, patient_id, service_id, appointment_id, professional, date, price, payment_method, card_brand, installments, paid_installments, credit_fee_rate, net_amount, location_id, down_payment_amount, down_payment_method, notes) VALUES ('0d60fa47-5b03-449e-98f9-60e2ae850efe', 'e3afe6ac-6941-4ec8-911d-376cf9727e85', '59c0fa24-0159-411b-8941-d1389f5a559c', NULL, 'Dr. Murilo', '2025-08-06', 900.0, 'pixInstallment', '', 2, 0, 0.0, 900.0, '191e21f4-daff-4df4-9b7c-4e95ca173d5b', 0.0, '', '');
INSERT INTO sales (id, patient_id, service_id, appointment_id, professional, date, price, payment_method, card_brand, installments, paid_installments, credit_fee_rate, net_amount, location_id, down_payment_amount, down_payment_method, notes) VALUES ('235362b4-95eb-4efa-86f6-129a0dfb64b4', '1b4e1b46-acd8-4fb8-bed2-626740781f57', 'e659b4bf-e7e4-43ea-8db6-756bd6c3e618', NULL, 'Dr. Murilo', '2025-08-18', 1700.0, 'cash', '', 1, 1, 0.0, 1700.0, '9a278c6a-9425-4319-9463-f850ebfd6f3d', 0.0, '', '');
INSERT INTO sale_products (id, sale_id, product_id, qty, cost_at_sale, session_type) VALUES ('c07ce226-24e0-435b-a8dc-895f47203d0b', '235362b4-95eb-4efa-86f6-129a0dfb64b4', '0974ed72-51f4-4458-8621-2ce4594e222d', 0, 0, 'initial');
INSERT INTO sales (id, patient_id, service_id, appointment_id, professional, date, price, payment_method, card_brand, installments, paid_installments, credit_fee_rate, net_amount, location_id, down_payment_amount, down_payment_method, notes) VALUES ('3e82a9f2-0256-4223-a17d-3e46601fc16e', '1b4e1b46-acd8-4fb8-bed2-626740781f57', '59c0fa24-0159-411b-8941-d1389f5a559c', NULL, 'Dr. Murilo', '2025-08-18', 900.0, 'cash', '', 1, 1, 0.0, 900.0, '9a278c6a-9425-4319-9463-f850ebfd6f3d', 0.0, '', '');
INSERT INTO sale_products (id, sale_id, product_id, qty, cost_at_sale, session_type) VALUES ('93a0f4ff-56f2-41df-8725-9de81584a779', '3e82a9f2-0256-4223-a17d-3e46601fc16e', '76ae5cde-a3d1-474b-957a-3dda2eea0a8e', 0, 0, 'initial');
INSERT INTO sales (id, patient_id, service_id, appointment_id, professional, date, price, payment_method, card_brand, installments, paid_installments, credit_fee_rate, net_amount, location_id, down_payment_amount, down_payment_method, notes) VALUES ('7d1ed8ba-d439-49f7-98b1-52f221dbc58e', '05b94441-84f2-49a5-93b6-1e18cb72468a', '59c0fa24-0159-411b-8941-d1389f5a559c', NULL, 'Dr. Murilo', '2025-08-19', 850.0, 'pixInstallment', '', 3, 0, 0.0, 850.0, '9a278c6a-9425-4319-9463-f850ebfd6f3d', 0.0, '', '');
INSERT INTO sale_products (id, sale_id, product_id, qty, cost_at_sale, session_type) VALUES ('c5eca0a1-3847-4f2f-8f19-e2340e6640b4', '7d1ed8ba-d439-49f7-98b1-52f221dbc58e', 'cac5441d-0fd8-4c10-9beb-68130e04cdc6', 0, 0, 'initial');
INSERT INTO sales (id, patient_id, service_id, appointment_id, professional, date, price, payment_method, card_brand, installments, paid_installments, credit_fee_rate, net_amount, location_id, down_payment_amount, down_payment_method, notes) VALUES ('66645b8a-aef2-42c2-afdb-7c7017d86d18', '05b94441-84f2-49a5-93b6-1e18cb72468a', 'ea71da92-d37c-414a-a783-360a25933755', NULL, 'Dr. Murilo', '2025-08-19', 850.0, 'pixInstallment', '', 3, 0, 0.0, 850.0, '9a278c6a-9425-4319-9463-f850ebfd6f3d', 0.0, '', '');
INSERT INTO sale_products (id, sale_id, product_id, qty, cost_at_sale, session_type) VALUES ('8460b807-5495-487d-baa0-ecc7131f0c9a', '66645b8a-aef2-42c2-afdb-7c7017d86d18', '0ffbf799-9da4-4f0a-ba23-658cb10e40d4', 0, 0, 'initial');
INSERT INTO sales (id, patient_id, service_id, appointment_id, professional, date, price, payment_method, card_brand, installments, paid_installments, credit_fee_rate, net_amount, location_id, down_payment_amount, down_payment_method, notes) VALUES ('cdbe79b7-6c81-4195-830a-3c25137810d5', 'd5f658c6-d5b0-41f9-884b-48817d3a7f75', 'ea71da92-d37c-414a-a783-360a25933755', NULL, 'Dr. Murilo', '2025-08-19', 850.0, 'credit', '', 1, 1, 0.0, 785.48, '9a278c6a-9425-4319-9463-f850ebfd6f3d', 0.0, '', '');
INSERT INTO sale_products (id, sale_id, product_id, qty, cost_at_sale, session_type) VALUES ('5350a4fb-89cb-428d-b994-2bd34bb1788e', 'cdbe79b7-6c81-4195-830a-3c25137810d5', '0ffbf799-9da4-4f0a-ba23-658cb10e40d4', 0, 0, 'initial');
INSERT INTO sales (id, patient_id, service_id, appointment_id, professional, date, price, payment_method, card_brand, installments, paid_installments, credit_fee_rate, net_amount, location_id, down_payment_amount, down_payment_method, notes) VALUES ('161e4a6e-8f15-4cc9-98f4-f5f60e5ef5db', '185c5ebe-df07-4ec5-ac27-2cfad63eaf86', 'ea71da92-d37c-414a-a783-360a25933755', NULL, 'Dr. Murilo', '2025-08-19', 850.0, 'pixInstallment', '', 3, 0, 0.0, 850.0, '9a278c6a-9425-4319-9463-f850ebfd6f3d', 0.0, '', '');
INSERT INTO sale_products (id, sale_id, product_id, qty, cost_at_sale, session_type) VALUES ('aed3c256-b971-4ba7-8c07-9f409fcb46a6', '161e4a6e-8f15-4cc9-98f4-f5f60e5ef5db', '0ffbf799-9da4-4f0a-ba23-658cb10e40d4', 0, 0, 'initial');
INSERT INTO sales (id, patient_id, service_id, appointment_id, professional, date, price, payment_method, card_brand, installments, paid_installments, credit_fee_rate, net_amount, location_id, down_payment_amount, down_payment_method, notes) VALUES ('53b0a66a-2125-45d2-9a8a-756014203f6f', '185c5ebe-df07-4ec5-ac27-2cfad63eaf86', '59c0fa24-0159-411b-8941-d1389f5a559c', NULL, 'Dr. Murilo', '2025-08-19', 850.0, 'pixInstallment', '', 3, 0, 0.0, 850.0, '9a278c6a-9425-4319-9463-f850ebfd6f3d', 0.0, '', '');
INSERT INTO sale_products (id, sale_id, product_id, qty, cost_at_sale, session_type) VALUES ('110c5aea-fd44-413b-9f28-c7dfa1110a1e', '53b0a66a-2125-45d2-9a8a-756014203f6f', 'cac5441d-0fd8-4c10-9beb-68130e04cdc6', 0, 0, 'initial');
INSERT INTO sales (id, patient_id, service_id, appointment_id, professional, date, price, payment_method, card_brand, installments, paid_installments, credit_fee_rate, net_amount, location_id, down_payment_amount, down_payment_method, notes) VALUES ('bcb17f82-4ed5-47c3-9d4a-24253c9fce4e', 'ad066a15-4690-43d6-baa4-6e41e763b0c0', 'ea71da92-d37c-414a-a783-360a25933755', NULL, 'Dr. Murilo', '2025-08-19', 800.0, 'pix', '', 1, 1, 0.0, 800.0, '9a278c6a-9425-4319-9463-f850ebfd6f3d', 0.0, '', '');
INSERT INTO sale_products (id, sale_id, product_id, qty, cost_at_sale, session_type) VALUES ('f5821905-c461-48f8-8a87-40a2597e562a', 'bcb17f82-4ed5-47c3-9d4a-24253c9fce4e', '0ffbf799-9da4-4f0a-ba23-658cb10e40d4', 0, 0, 'initial');
INSERT INTO sales (id, patient_id, service_id, appointment_id, professional, date, price, payment_method, card_brand, installments, paid_installments, credit_fee_rate, net_amount, location_id, down_payment_amount, down_payment_method, notes) VALUES ('0db7cdc1-fdcc-4f1b-b0c1-ab2ef0dc8a37', 'ad066a15-4690-43d6-baa4-6e41e763b0c0', 'e659b4bf-e7e4-43ea-8db6-756bd6c3e618', NULL, 'Dr. Murilo', '2025-08-19', 1700.0, 'pixInstallment', '', 1, 0, 0.0, 1700.0, '9a278c6a-9425-4319-9463-f850ebfd6f3d', 0.0, '', '');
INSERT INTO sale_products (id, sale_id, product_id, qty, cost_at_sale, session_type) VALUES ('9368162b-4ca5-4cea-a44c-9be9b3501997', '0db7cdc1-fdcc-4f1b-b0c1-ab2ef0dc8a37', '0974ed72-51f4-4458-8621-2ce4594e222d', 0, 0, 'initial');
INSERT INTO sales (id, patient_id, service_id, appointment_id, professional, date, price, payment_method, card_brand, installments, paid_installments, credit_fee_rate, net_amount, location_id, down_payment_amount, down_payment_method, notes) VALUES ('36adddf0-471c-429a-975a-5275d47708a0', 'a0441520-718d-4711-8934-820b519486bb', 'ea71da92-d37c-414a-a783-360a25933755', NULL, 'Dr. Murilo', '2025-08-19', 800.0, 'pix', '', 1, 1, 0.0, 800.0, '191e21f4-daff-4df4-9b7c-4e95ca173d5b', 0.0, '', '');
INSERT INTO sale_products (id, sale_id, product_id, qty, cost_at_sale, session_type) VALUES ('6f7ace60-85a7-4325-bd1a-b8de5beb4917', '36adddf0-471c-429a-975a-5275d47708a0', '0ffbf799-9da4-4f0a-ba23-658cb10e40d4', 0, 0, 'initial');
INSERT INTO sales (id, patient_id, service_id, appointment_id, professional, date, price, payment_method, card_brand, installments, paid_installments, credit_fee_rate, net_amount, location_id, down_payment_amount, down_payment_method, notes) VALUES ('97a30fd5-6b88-4f01-bf2e-1a86c995201e', '3b5e885a-8740-4f52-863e-fc7a8f9c9060', 'eeab7b42-6c09-479a-9e93-0aed61774e41', NULL, 'Dr. Murilo', '2025-08-19', 2500.0, 'credit', '', 10, 10, 0.0, 2237.25, '191e21f4-daff-4df4-9b7c-4e95ca173d5b', 0.0, '', '');
INSERT INTO sale_products (id, sale_id, product_id, qty, cost_at_sale, session_type) VALUES ('39fc2cd9-8362-4791-b6c5-7ca5c8c16424', '97a30fd5-6b88-4f01-bf2e-1a86c995201e', '0974ed72-51f4-4458-8621-2ce4594e222d', 0, 0, 'initial');
INSERT INTO sales (id, patient_id, service_id, appointment_id, professional, date, price, payment_method, card_brand, installments, paid_installments, credit_fee_rate, net_amount, location_id, down_payment_amount, down_payment_method, notes) VALUES ('5a9eccb4-e64d-42c6-8a38-55c87c5ddc6c', '3b5e885a-8740-4f52-863e-fc7a8f9c9060', 'ba1814f5-3258-4b53-ace4-ea3feb5655d2', NULL, 'Dr. Murilo', '2025-08-19', 2000.0, 'pix', '', 1, 1, 0.0, 2000.0, '191e21f4-daff-4df4-9b7c-4e95ca173d5b', 0.0, '', '');
INSERT INTO sales (id, patient_id, service_id, appointment_id, professional, date, price, payment_method, card_brand, installments, paid_installments, credit_fee_rate, net_amount, location_id, down_payment_amount, down_payment_method, notes) VALUES ('c78fc1ba-2e86-4d77-82f6-c3f947cb7c59', '434de88f-1dc3-4f87-b135-b76a21cba1eb', 'e659b4bf-e7e4-43ea-8db6-756bd6c3e618', NULL, 'Dr. Murilo', '2025-08-22', 2000.0, 'credit', '', 1, 1, 0.0, 1970.9, '191e21f4-daff-4df4-9b7c-4e95ca173d5b', 0.0, '', '');
INSERT INTO sale_products (id, sale_id, product_id, qty, cost_at_sale, session_type) VALUES ('413d2fad-4a02-45f0-beb6-37b66938ccc7', 'c78fc1ba-2e86-4d77-82f6-c3f947cb7c59', '0974ed72-51f4-4458-8621-2ce4594e222d', 0, 0, 'initial');
INSERT INTO sales (id, patient_id, service_id, appointment_id, professional, date, price, payment_method, card_brand, installments, paid_installments, credit_fee_rate, net_amount, location_id, down_payment_amount, down_payment_method, notes) VALUES ('e9605425-ff23-4730-bca2-c14982d52782', '23843f93-5c35-4ca1-875a-6d496a187045', 'ea71da92-d37c-414a-a783-360a25933755', NULL, 'Dr. Murilo', '2025-08-23', 900.0, 'credit', '', 5, 5, 0.0, 838.35, '191e21f4-daff-4df4-9b7c-4e95ca173d5b', 0.0, '', '');
INSERT INTO sale_products (id, sale_id, product_id, qty, cost_at_sale, session_type) VALUES ('08bf09de-31b3-4dd8-b9a5-bc2f60ea28bb', 'e9605425-ff23-4730-bca2-c14982d52782', '0ffbf799-9da4-4f0a-ba23-658cb10e40d4', 0, 0, 'initial');
INSERT INTO sales (id, patient_id, service_id, appointment_id, professional, date, price, payment_method, card_brand, installments, paid_installments, credit_fee_rate, net_amount, location_id, down_payment_amount, down_payment_method, notes) VALUES ('149d569f-dfae-42b4-a06f-60984d6a9406', '966ba574-627a-4598-b456-c6f4e142cd5d', 'ea71da92-d37c-414a-a783-360a25933755', NULL, 'Dr. Murilo', '2025-08-25', 606.06, 'pix', '', 1, 1, 0.0, 606.06, 'de60a341-e609-4aec-9145-af3cc6351b8a', 0.0, '', '');
INSERT INTO sale_products (id, sale_id, product_id, qty, cost_at_sale, session_type) VALUES ('ec441434-24c0-4762-806b-b7ce2469e5aa', '149d569f-dfae-42b4-a06f-60984d6a9406', '0ffbf799-9da4-4f0a-ba23-658cb10e40d4', 0, 0, 'initial');
INSERT INTO sales (id, patient_id, service_id, appointment_id, professional, date, price, payment_method, card_brand, installments, paid_installments, credit_fee_rate, net_amount, location_id, down_payment_amount, down_payment_method, notes) VALUES ('42bf7ddd-6862-46fa-a657-695c1fe74a86', '8246488b-ea2d-4e92-808d-5369bb42d697', 'e659b4bf-e7e4-43ea-8db6-756bd6c3e618', NULL, 'Dr. Murilo', '2025-08-30', 3500.0, 'credit', '', 1, 1, 0.0, 3500.0, '191e21f4-daff-4df4-9b7c-4e95ca173d5b', 0.0, '', '');
INSERT INTO sale_products (id, sale_id, product_id, qty, cost_at_sale, session_type) VALUES ('41cb4c60-511a-428b-80f8-b71550112949', '42bf7ddd-6862-46fa-a657-695c1fe74a86', '1bf46475-7bc9-4af9-952b-7bc27afac845', 0, 0, 'initial');
INSERT INTO sales (id, patient_id, service_id, appointment_id, professional, date, price, payment_method, card_brand, installments, paid_installments, credit_fee_rate, net_amount, location_id, down_payment_amount, down_payment_method, notes) VALUES ('bb814bb3-0743-43df-8c94-0f52af008250', '7e4bfd38-8458-4bab-886a-5901b9599ce3', 'eeab7b42-6c09-479a-9e93-0aed61774e41', NULL, 'Dr. Murilo', '2025-09-01', 3500.0, 'pix', '', 1, 1, 0.0, 2150.0, '191e21f4-daff-4df4-9b7c-4e95ca173d5b', 0.0, '', '');
INSERT INTO sale_products (id, sale_id, product_id, qty, cost_at_sale, session_type) VALUES ('4e895200-2b40-4afb-b9cb-c70514279854', 'bb814bb3-0743-43df-8c94-0f52af008250', '0974ed72-51f4-4458-8621-2ce4594e222d', 0, 0, 'initial');
INSERT INTO sales (id, patient_id, service_id, appointment_id, professional, date, price, payment_method, card_brand, installments, paid_installments, credit_fee_rate, net_amount, location_id, down_payment_amount, down_payment_method, notes) VALUES ('df4e074a-a153-484b-9742-5f8a8de64194', '7e4bfd38-8458-4bab-886a-5901b9599ce3', '43be9ec5-b407-4059-a04a-b7aaf599401b', NULL, 'Dr. Murilo', '2025-09-01', 950.0, 'pix', '', 1, 1, 0.0, 950.0, '191e21f4-daff-4df4-9b7c-4e95ca173d5b', 0.0, '', '');
INSERT INTO sale_products (id, sale_id, product_id, qty, cost_at_sale, session_type) VALUES ('b1aa18a5-092b-4bc6-8fd5-3fbe5ee1b0b8', 'df4e074a-a153-484b-9742-5f8a8de64194', 'e62932ad-afae-45fb-aaa8-ea1c998f6b03', 0, 0, 'initial');
INSERT INTO sales (id, patient_id, service_id, appointment_id, professional, date, price, payment_method, card_brand, installments, paid_installments, credit_fee_rate, net_amount, location_id, down_payment_amount, down_payment_method, notes) VALUES ('e03c0736-5368-4adc-9444-dc116a86ca90', '5c56c0e7-698a-470a-afcc-a20b7dcadf40', '59c0fa24-0159-411b-8941-d1389f5a559c', NULL, 'Dr. Murilo', '2025-09-03', 678.11, 'pixInstallment', '', 1, 0, 0.0, 678.11, 'de60a341-e609-4aec-9145-af3cc6351b8a', 0.0, '', '');
INSERT INTO sale_products (id, sale_id, product_id, qty, cost_at_sale, session_type) VALUES ('6c15c1ad-caaa-4e54-ada2-733d3119d7f1', 'e03c0736-5368-4adc-9444-dc116a86ca90', '0a9cdc36-d9bd-4986-ad4c-e31e62a9e623', 0, 0, 'initial');
INSERT INTO sales (id, patient_id, service_id, appointment_id, professional, date, price, payment_method, card_brand, installments, paid_installments, credit_fee_rate, net_amount, location_id, down_payment_amount, down_payment_method, notes) VALUES ('67380236-923b-4e0c-b0f5-b7efdd134f1c', '077e7b7c-e617-4038-8ffe-f6000106c932', 'e659b4bf-e7e4-43ea-8db6-756bd6c3e618', NULL, 'Dr. Murilo', '2025-09-05', 1000.0, 'pix', '', 1, 1, 0.0, 1000.0, 'd265682b-7f5e-4fba-b436-83da89c91aab', 0.0, '', '');
INSERT INTO sale_products (id, sale_id, product_id, qty, cost_at_sale, session_type) VALUES ('a63018f9-785d-45a2-8148-fcdbef3783c9', '67380236-923b-4e0c-b0f5-b7efdd134f1c', '0974ed72-51f4-4458-8621-2ce4594e222d', 0, 0, 'initial');
INSERT INTO sales (id, patient_id, service_id, appointment_id, professional, date, price, payment_method, card_brand, installments, paid_installments, credit_fee_rate, net_amount, location_id, down_payment_amount, down_payment_method, notes) VALUES ('6d29905c-15e8-42bd-b396-66bf83cdc771', '434de88f-1dc3-4f87-b135-b76a21cba1eb', '3a205eac-ecf2-48b9-b8f5-3413c8e3eb44', NULL, 'Dr. Murilo', '2025-09-11', 4250.0, 'pix', '', 1, 1, 0.0, 4250.0, '191e21f4-daff-4df4-9b7c-4e95ca173d5b', 0.0, '', '');
INSERT INTO sale_products (id, sale_id, product_id, qty, cost_at_sale, session_type) VALUES ('c9a833d2-4139-41a0-96a9-a3ee32ee513d', '6d29905c-15e8-42bd-b396-66bf83cdc771', 'f7e75196-8dfb-40a1-85bb-cb5cd9d1da6e', 0, 0, 'initial');
INSERT INTO sales (id, patient_id, service_id, appointment_id, professional, date, price, payment_method, card_brand, installments, paid_installments, credit_fee_rate, net_amount, location_id, down_payment_amount, down_payment_method, notes) VALUES ('05768da9-d199-4cf4-865a-461a328e9a32', '31f3f370-81f7-45c3-901f-f23fcb5457d3', '9290f2d1-3cec-49da-bc13-4a0af805285a', NULL, 'Dr. Murilo', '2025-09-12', 650.0, 'pixInstallment', '', 1, 0, 0.0, 650.0, '191e21f4-daff-4df4-9b7c-4e95ca173d5b', 0.0, '', '');
INSERT INTO sale_products (id, sale_id, product_id, qty, cost_at_sale, session_type) VALUES ('2cc1aa96-8f49-402c-b2a6-c269c4e88a1b', '05768da9-d199-4cf4-865a-461a328e9a32', '18727f89-f1c2-47f6-a51a-ef8180bdfa8d', 0, 0, 'initial');
INSERT INTO sales (id, patient_id, service_id, appointment_id, professional, date, price, payment_method, card_brand, installments, paid_installments, credit_fee_rate, net_amount, location_id, down_payment_amount, down_payment_method, notes) VALUES ('cddddb88-548a-414a-9d99-fbcf0faace36', '9c587160-0a3c-4fc2-adc8-26d1cdde2572', 'ea71da92-d37c-414a-a783-360a25933755', NULL, 'Dr. Murilo', '2025-09-17', 800.0, 'pix', '', 1, 1, 0.0, 800.0, '191e21f4-daff-4df4-9b7c-4e95ca173d5b', 0.0, '', '');
INSERT INTO sale_products (id, sale_id, product_id, qty, cost_at_sale, session_type) VALUES ('e577ae54-740c-4976-83db-30a98da9cfa4', 'cddddb88-548a-414a-9d99-fbcf0faace36', '0ffbf799-9da4-4f0a-ba23-658cb10e40d4', 0, 0, 'initial');
INSERT INTO sales (id, patient_id, service_id, appointment_id, professional, date, price, payment_method, card_brand, installments, paid_installments, credit_fee_rate, net_amount, location_id, down_payment_amount, down_payment_method, notes) VALUES ('6335ee10-21a0-4f75-a0c5-7bdd6312f78d', '9c587160-0a3c-4fc2-adc8-26d1cdde2572', '59c0fa24-0159-411b-8941-d1389f5a559c', NULL, 'Dr. Murilo', '2025-09-17', 800.0, 'pix', '', 1, 1, 0.0, 800.0, '191e21f4-daff-4df4-9b7c-4e95ca173d5b', 0.0, '', '');
INSERT INTO sale_products (id, sale_id, product_id, qty, cost_at_sale, session_type) VALUES ('66524de6-d86b-4526-a71b-bd4f4ebda39c', '6335ee10-21a0-4f75-a0c5-7bdd6312f78d', 'cac5441d-0fd8-4c10-9beb-68130e04cdc6', 0, 0, 'initial');
INSERT INTO sales (id, patient_id, service_id, appointment_id, professional, date, price, payment_method, card_brand, installments, paid_installments, credit_fee_rate, net_amount, location_id, down_payment_amount, down_payment_method, notes) VALUES ('8c09d9fd-a41e-4ce8-9991-4770c3c11e84', 'e9e65fe2-4b66-4f0f-be5f-c75169584cc7', 'e659b4bf-e7e4-43ea-8db6-756bd6c3e618', NULL, 'Dr. Murilo', '2025-09-20', 1250.0, 'credit', '', 2, 2, 0.0, 1192.74, '191e21f4-daff-4df4-9b7c-4e95ca173d5b', 0.0, '', '');
INSERT INTO sale_products (id, sale_id, product_id, qty, cost_at_sale, session_type) VALUES ('9034b73a-ea5c-472d-bd93-ae433241b933', '8c09d9fd-a41e-4ce8-9991-4770c3c11e84', '0974ed72-51f4-4458-8621-2ce4594e222d', 0, 0, 'initial');
INSERT INTO sales (id, patient_id, service_id, appointment_id, professional, date, price, payment_method, card_brand, installments, paid_installments, credit_fee_rate, net_amount, location_id, down_payment_amount, down_payment_method, notes) VALUES ('4a421b64-c909-419c-b386-f7d53c2a01b6', 'e45fdc32-461b-417d-b5cc-9f46ee141fb0', 'e659b4bf-e7e4-43ea-8db6-756bd6c3e618', NULL, 'Dr. Murilo', '2025-09-22', 1700.0, 'credit', '', 5, 5, 0.0, 1583.55, '191e21f4-daff-4df4-9b7c-4e95ca173d5b', 0.0, '', '');
INSERT INTO sale_products (id, sale_id, product_id, qty, cost_at_sale, session_type) VALUES ('a99dcdba-27c9-4a85-991e-841ce8bd5695', '4a421b64-c909-419c-b386-f7d53c2a01b6', '0974ed72-51f4-4458-8621-2ce4594e222d', 0, 0, 'initial');
INSERT INTO sales (id, patient_id, service_id, appointment_id, professional, date, price, payment_method, card_brand, installments, paid_installments, credit_fee_rate, net_amount, location_id, down_payment_amount, down_payment_method, notes) VALUES ('9aad6fb3-d593-49fa-8510-4ff0a24718a8', '698800bf-647c-4bb1-97d8-98dad768b266', 'ea71da92-d37c-414a-a783-360a25933755', NULL, 'Dr. Murilo', '2025-09-23', 875.0, 'pix', '', 1, 1, 0.0, 875.0, '191e21f4-daff-4df4-9b7c-4e95ca173d5b', 0.0, '', '');
INSERT INTO sale_products (id, sale_id, product_id, qty, cost_at_sale, session_type) VALUES ('d3834a4b-993c-4e83-9487-959e3bd716c8', '9aad6fb3-d593-49fa-8510-4ff0a24718a8', '0ffbf799-9da4-4f0a-ba23-658cb10e40d4', 0, 0, 'initial');
INSERT INTO sales (id, patient_id, service_id, appointment_id, professional, date, price, payment_method, card_brand, installments, paid_installments, credit_fee_rate, net_amount, location_id, down_payment_amount, down_payment_method, notes) VALUES ('1e3bc5fd-895d-4435-8f0d-45e08ee9bdd3', '698800bf-647c-4bb1-97d8-98dad768b266', '43be9ec5-b407-4059-a04a-b7aaf599401b', NULL, 'Dr. Murilo', '2025-09-23', 875.0, 'pix', '', 1, 1, 0.0, 875.0, '191e21f4-daff-4df4-9b7c-4e95ca173d5b', 0.0, '', '');
INSERT INTO sale_products (id, sale_id, product_id, qty, cost_at_sale, session_type) VALUES ('8f877359-84ce-40ca-982a-aa319c85048e', '1e3bc5fd-895d-4435-8f0d-45e08ee9bdd3', '18727f89-f1c2-47f6-a51a-ef8180bdfa8d', 0, 0, 'initial');
INSERT INTO sales (id, patient_id, service_id, appointment_id, professional, date, price, payment_method, card_brand, installments, paid_installments, credit_fee_rate, net_amount, location_id, down_payment_amount, down_payment_method, notes) VALUES ('b276c87b-cd00-42cc-a679-34b06b3c8dfe', 'e0a0689c-d8c7-4b86-ac60-6b341d850351', 'ea71da92-d37c-414a-a783-360a25933755', NULL, 'Dr. Murilo', '2025-09-30', 855.0, 'credit', '', 4, 4, 0.0, 802.76, '191e21f4-daff-4df4-9b7c-4e95ca173d5b', 0.0, '', '');
INSERT INTO sale_products (id, sale_id, product_id, qty, cost_at_sale, session_type) VALUES ('ab89f401-64cf-447e-9506-5796598e8800', 'b276c87b-cd00-42cc-a679-34b06b3c8dfe', '0ffbf799-9da4-4f0a-ba23-658cb10e40d4', 0, 0, 'initial');
INSERT INTO sales (id, patient_id, service_id, appointment_id, professional, date, price, payment_method, card_brand, installments, paid_installments, credit_fee_rate, net_amount, location_id, down_payment_amount, down_payment_method, notes) VALUES ('19e3c91f-aa64-432c-a285-f86f0db15d4d', '78db4d2f-d9ef-4c18-9686-35be333c59c9', 'ba1814f5-3258-4b53-ace4-ea3feb5655d2', NULL, 'Dr. Murilo', '2025-09-23', 950.0, 'pix', '', 1, 1, 0.0, 950.0, '191e21f4-daff-4df4-9b7c-4e95ca173d5b', 0.0, '', '');
INSERT INTO sale_products (id, sale_id, product_id, qty, cost_at_sale, session_type) VALUES ('5e84395b-22bd-4c1a-9675-c46022394095', '19e3c91f-aa64-432c-a285-f86f0db15d4d', '18727f89-f1c2-47f6-a51a-ef8180bdfa8d', 0, 0, 'initial');
INSERT INTO sales (id, patient_id, service_id, appointment_id, professional, date, price, payment_method, card_brand, installments, paid_installments, credit_fee_rate, net_amount, location_id, down_payment_amount, down_payment_method, notes) VALUES ('cb4e20a1-dbfc-4ec8-9670-dd8142122fc9', '78db4d2f-d9ef-4c18-9686-35be333c59c9', '1fac3a2b-604b-4ece-a49d-56751961171f', NULL, 'Dr. Murilo', '2025-09-23', 3050.0, 'pix', '', 1, 1, 0.0, 3050.0, '191e21f4-daff-4df4-9b7c-4e95ca173d5b', 0.0, '', '');
INSERT INTO sale_products (id, sale_id, product_id, qty, cost_at_sale, session_type) VALUES ('92a5668b-69f4-47e5-b50d-92f366f06f69', 'cb4e20a1-dbfc-4ec8-9670-dd8142122fc9', '85ecc0a7-a173-4e69-9a4d-5dc9fa3a4bcd', 0, 0, 'initial');
INSERT INTO sales (id, patient_id, service_id, appointment_id, professional, date, price, payment_method, card_brand, installments, paid_installments, credit_fee_rate, net_amount, location_id, down_payment_amount, down_payment_method, notes) VALUES ('4f720237-a44c-48b3-9891-3a733b349536', 'b0d48468-2001-4f9f-8812-f708b6295b7a', '01878e37-0523-4964-b063-95803a53e939', NULL, 'Dr. Murilo', '2025-09-30', 200.0, 'pix', '', 1, 1, 0.0, 200.0, '9c5a12e0-1003-424f-b5f8-b38f94e6d722', 0.0, '', '');
INSERT INTO sale_products (id, sale_id, product_id, qty, cost_at_sale, session_type) VALUES ('5b3ef277-3e4d-4146-8037-7ed7f111fae4', '4f720237-a44c-48b3-9891-3a733b349536', '0ffbf799-9da4-4f0a-ba23-658cb10e40d4', 0, 0, 'initial');
INSERT INTO sales (id, patient_id, service_id, appointment_id, professional, date, price, payment_method, card_brand, installments, paid_installments, credit_fee_rate, net_amount, location_id, down_payment_amount, down_payment_method, notes) VALUES ('a5925767-6442-4b54-956e-ea4cdfde6765', '8a02001f-f50e-477a-a945-a51117392b13', 'ea71da92-d37c-414a-a783-360a25933755', NULL, 'Dr. Murilo', '2025-10-07', 150.0, 'pix', '', 1, 1, 0.0, 150.0, '191e21f4-daff-4df4-9b7c-4e95ca173d5b', 0.0, '', '');
INSERT INTO sale_products (id, sale_id, product_id, qty, cost_at_sale, session_type) VALUES ('814d5390-8f10-4713-874d-4c9653dc88f4', 'a5925767-6442-4b54-956e-ea4cdfde6765', '0ffbf799-9da4-4f0a-ba23-658cb10e40d4', 0, 0, 'initial');
INSERT INTO sales (id, patient_id, service_id, appointment_id, professional, date, price, payment_method, card_brand, installments, paid_installments, credit_fee_rate, net_amount, location_id, down_payment_amount, down_payment_method, notes) VALUES ('f651218b-45c5-45ae-89c9-aea012d746c4', '78db4d2f-d9ef-4c18-9686-35be333c59c9', '1fac3a2b-604b-4ece-a49d-56751961171f', NULL, 'Dr. Murilo', '2025-10-11', 3050.0, 'pix', '', 1, 1, 0.0, 3050.0, '191e21f4-daff-4df4-9b7c-4e95ca173d5b', 0.0, '', '');
INSERT INTO sale_products (id, sale_id, product_id, qty, cost_at_sale, session_type) VALUES ('0a70c50f-0fa8-4f7f-8ebc-79caef51038f', 'f651218b-45c5-45ae-89c9-aea012d746c4', '85ecc0a7-a173-4e69-9a4d-5dc9fa3a4bcd', 0, 0, 'initial');
INSERT INTO sales (id, patient_id, service_id, appointment_id, professional, date, price, payment_method, card_brand, installments, paid_installments, credit_fee_rate, net_amount, location_id, down_payment_amount, down_payment_method, notes) VALUES ('29dcac2c-bf7d-45e9-b603-7b52a244d817', '78db4d2f-d9ef-4c18-9686-35be333c59c9', '02084f20-0f66-4fa4-b137-3737f0c74984', NULL, 'Dr. Murilo', '2025-10-11', 950.0, 'pix', '', 1, 1, 0.0, 950.0, '191e21f4-daff-4df4-9b7c-4e95ca173d5b', 0.0, '', '');
INSERT INTO sale_products (id, sale_id, product_id, qty, cost_at_sale, session_type) VALUES ('6a7075a3-d08b-49ef-8be4-275121b6869e', '29dcac2c-bf7d-45e9-b603-7b52a244d817', '18727f89-f1c2-47f6-a51a-ef8180bdfa8d', 0, 0, 'initial');
INSERT INTO sales (id, patient_id, service_id, appointment_id, professional, date, price, payment_method, card_brand, installments, paid_installments, credit_fee_rate, net_amount, location_id, down_payment_amount, down_payment_method, notes) VALUES ('59096d43-48da-4f61-8e11-d9f96bd1c53e', 'a872ca8b-458a-4f54-b83c-7b481a65f37f', 'e659b4bf-e7e4-43ea-8db6-756bd6c3e618', NULL, 'Dr. Murilo', '2025-10-17', 1840.0, 'pix', '', 1, 1, 0.0, 1840.0, '191e21f4-daff-4df4-9b7c-4e95ca173d5b', 0.0, '', '');
INSERT INTO sale_products (id, sale_id, product_id, qty, cost_at_sale, session_type) VALUES ('313c1677-46cb-4fa1-88f5-7ef7b0ae2a9a', '59096d43-48da-4f61-8e11-d9f96bd1c53e', '0974ed72-51f4-4458-8621-2ce4594e222d', 0, 0, 'initial');
INSERT INTO sales (id, patient_id, service_id, appointment_id, professional, date, price, payment_method, card_brand, installments, paid_installments, credit_fee_rate, net_amount, location_id, down_payment_amount, down_payment_method, notes) VALUES ('2f82db1c-1e85-435c-930a-e239187e1aef', 'a85e6c22-680a-4f68-9370-38b1293c3dab', 'ea71da92-d37c-414a-a783-360a25933755', NULL, 'Dr. Murilo', '2025-10-28', 750.0, 'pix', '', 1, 1, 0.0, 750.0, '191e21f4-daff-4df4-9b7c-4e95ca173d5b', 0.0, '', '');
INSERT INTO sale_products (id, sale_id, product_id, qty, cost_at_sale, session_type) VALUES ('0963ff34-a88b-43be-97bc-4a89e099c882', '2f82db1c-1e85-435c-930a-e239187e1aef', '0ffbf799-9da4-4f0a-ba23-658cb10e40d4', 0, 0, 'initial');
INSERT INTO sales (id, patient_id, service_id, appointment_id, professional, date, price, payment_method, card_brand, installments, paid_installments, credit_fee_rate, net_amount, location_id, down_payment_amount, down_payment_method, notes) VALUES ('576d52ea-900b-4fbc-b823-b39db51c0f3e', '40cf1da5-290c-4edb-82f0-fe708b15a754', 'ea71da92-d37c-414a-a783-360a25933755', NULL, 'Dr. Murilo', '2025-10-29', 924.5, 'credit', '', 6, 6, 0.0, 854.33, '191e21f4-daff-4df4-9b7c-4e95ca173d5b', 0.0, '', '');
INSERT INTO sale_products (id, sale_id, product_id, qty, cost_at_sale, session_type) VALUES ('84263b68-1f02-49cd-9a0d-19d986c072f2', '576d52ea-900b-4fbc-b823-b39db51c0f3e', '0ffbf799-9da4-4f0a-ba23-658cb10e40d4', 0, 0, 'initial');
INSERT INTO sales (id, patient_id, service_id, appointment_id, professional, date, price, payment_method, card_brand, installments, paid_installments, credit_fee_rate, net_amount, location_id, down_payment_amount, down_payment_method, notes) VALUES ('f2972dfa-866d-4e2e-b5c7-9023599ac61b', '40cf1da5-290c-4edb-82f0-fe708b15a754', '59c0fa24-0159-411b-8941-d1389f5a559c', NULL, 'Dr. Murilo', '2025-10-29', 924.5, 'credit', '', 6, 6, 0.0, 854.33, '191e21f4-daff-4df4-9b7c-4e95ca173d5b', 0.0, '', '');
INSERT INTO sale_products (id, sale_id, product_id, qty, cost_at_sale, session_type) VALUES ('73c744b1-2223-4d5c-b432-341751eabd75', 'f2972dfa-866d-4e2e-b5c7-9023599ac61b', '2b73cb61-69cc-42b3-9da9-ad51d8cfe2a3', 0, 0, 'initial');
INSERT INTO sales (id, patient_id, service_id, appointment_id, professional, date, price, payment_method, card_brand, installments, paid_installments, credit_fee_rate, net_amount, location_id, down_payment_amount, down_payment_method, notes) VALUES ('72fe7775-d67e-4504-8b5e-2b3a90cba61e', 'a872ca8b-458a-4f54-b83c-7b481a65f37f', 'e659b4bf-e7e4-43ea-8db6-756bd6c3e618', NULL, 'Dr. Murilo', '2025-10-29', 1800.0, 'credit', '', 1, 1, 0.0, 1747.62, '191e21f4-daff-4df4-9b7c-4e95ca173d5b', 0.0, '', '');
INSERT INTO sale_products (id, sale_id, product_id, qty, cost_at_sale, session_type) VALUES ('350fd9b2-b752-4165-bab6-e95a8a5cb426', '72fe7775-d67e-4504-8b5e-2b3a90cba61e', '0974ed72-51f4-4458-8621-2ce4594e222d', 0, 0, 'initial');
INSERT INTO sales (id, patient_id, service_id, appointment_id, professional, date, price, payment_method, card_brand, installments, paid_installments, credit_fee_rate, net_amount, location_id, down_payment_amount, down_payment_method, notes) VALUES ('ea951029-6c92-4d97-a70e-06624f0b88e8', 'd6a58459-0411-4af3-9a11-f16a989fc1f5', 'c8592594-31d5-4146-94f1-ec38d7b53d39', NULL, 'Dr. Murilo', '2025-10-30', 250.0, 'pix', '', 1, 1, 0.0, 250.0, '191e21f4-daff-4df4-9b7c-4e95ca173d5b', 0.0, '', '');
INSERT INTO sale_products (id, sale_id, product_id, qty, cost_at_sale, session_type) VALUES ('9d991d1b-d93a-4cc5-89de-666b09ad54c0', 'ea951029-6c92-4d97-a70e-06624f0b88e8', '45419621-5ee6-4177-8dfa-44e0fdd0a771', 0, 0, 'initial');
INSERT INTO sales (id, patient_id, service_id, appointment_id, professional, date, price, payment_method, card_brand, installments, paid_installments, credit_fee_rate, net_amount, location_id, down_payment_amount, down_payment_method, notes) VALUES ('fd9ca6e1-1e20-4d14-a967-c04f64f0c1c9', 'ed4b4bef-6c1d-4dee-b6ba-4d43bffc0a48', 'ea71da92-d37c-414a-a783-360a25933755', NULL, 'Dr. Murilo', '2025-11-01', 800.0, 'pix', '', 1, 1, 0.0, 800.0, '191e21f4-daff-4df4-9b7c-4e95ca173d5b', 0.0, '', '');
INSERT INTO sale_products (id, sale_id, product_id, qty, cost_at_sale, session_type) VALUES ('3489a012-0eb5-4d6c-8665-3aac33c2e013', 'fd9ca6e1-1e20-4d14-a967-c04f64f0c1c9', '0ffbf799-9da4-4f0a-ba23-658cb10e40d4', 0, 0, 'initial');
INSERT INTO sales (id, patient_id, service_id, appointment_id, professional, date, price, payment_method, card_brand, installments, paid_installments, credit_fee_rate, net_amount, location_id, down_payment_amount, down_payment_method, notes) VALUES ('a1f5f9e9-4728-407b-bc59-bc4ed9d993a1', 'c1bc7a7e-52b1-42c2-90ab-e2781bc39d67', 'ea71da92-d37c-414a-a783-360a25933755', NULL, 'Dr. Murilo', '2025-11-01', 800.0, 'pix', '', 1, 1, 0.0, 800.0, '191e21f4-daff-4df4-9b7c-4e95ca173d5b', 0.0, '', '');
INSERT INTO sale_products (id, sale_id, product_id, qty, cost_at_sale, session_type) VALUES ('9e3d4e77-d5f0-469d-a3fa-32669fd431c0', 'a1f5f9e9-4728-407b-bc59-bc4ed9d993a1', '0ffbf799-9da4-4f0a-ba23-658cb10e40d4', 0, 0, 'initial');
INSERT INTO sales (id, patient_id, service_id, appointment_id, professional, date, price, payment_method, card_brand, installments, paid_installments, credit_fee_rate, net_amount, location_id, down_payment_amount, down_payment_method, notes) VALUES ('887f8ece-3e71-4c2f-bce9-ece3f7b4f9fb', 'e14c4073-99cf-449f-9013-5b555642b71c', 'ea71da92-d37c-414a-a783-360a25933755', NULL, 'Dr. Murilo', '2025-11-01', 800.0, 'pix', '', 1, 1, 0.0, 800.0, '191e21f4-daff-4df4-9b7c-4e95ca173d5b', 0.0, '', '');
INSERT INTO sale_products (id, sale_id, product_id, qty, cost_at_sale, session_type) VALUES ('9b39c165-cf61-47ae-963b-85d5d632684f', '887f8ece-3e71-4c2f-bce9-ece3f7b4f9fb', '0ffbf799-9da4-4f0a-ba23-658cb10e40d4', 0, 0, 'initial');
INSERT INTO sales (id, patient_id, service_id, appointment_id, professional, date, price, payment_method, card_brand, installments, paid_installments, credit_fee_rate, net_amount, location_id, down_payment_amount, down_payment_method, notes) VALUES ('b87c1d0e-85c4-4d47-a267-405e0f21dab5', 'c953b836-7539-4032-997a-d764932c847c', 'ea71da92-d37c-414a-a783-360a25933755', NULL, 'Dr. Murilo', '2025-11-02', 800.0, 'credit', '', 6, 6, 0.0, 739.28, '191e21f4-daff-4df4-9b7c-4e95ca173d5b', 0.0, '', '');
INSERT INTO sale_products (id, sale_id, product_id, qty, cost_at_sale, session_type) VALUES ('5fabe5f2-a3b9-4b51-8066-ad2aa1fee03b', 'b87c1d0e-85c4-4d47-a267-405e0f21dab5', '0ffbf799-9da4-4f0a-ba23-658cb10e40d4', 0, 0, 'initial');
INSERT INTO sales (id, patient_id, service_id, appointment_id, professional, date, price, payment_method, card_brand, installments, paid_installments, credit_fee_rate, net_amount, location_id, down_payment_amount, down_payment_method, notes) VALUES ('1a63d9ec-c145-45cd-91ea-ce4296e18324', '31f3f370-81f7-45c3-901f-f23fcb5457d3', '02084f20-0f66-4fa4-b137-3737f0c74984', NULL, 'Dr. Murilo', '2025-11-04', 600.0, 'pixInstallment', '', 2, 0, 0.0, 595.83, '191e21f4-daff-4df4-9b7c-4e95ca173d5b', 0.0, '', '');
INSERT INTO sale_products (id, sale_id, product_id, qty, cost_at_sale, session_type) VALUES ('9c03821f-912b-4eca-9acb-96f9570c57cd', '1a63d9ec-c145-45cd-91ea-ce4296e18324', '18727f89-f1c2-47f6-a51a-ef8180bdfa8d', 0, 0, 'initial');
INSERT INTO sales (id, patient_id, service_id, appointment_id, professional, date, price, payment_method, card_brand, installments, paid_installments, credit_fee_rate, net_amount, location_id, down_payment_amount, down_payment_method, notes) VALUES ('22cc9301-67e7-4c9b-b5bd-50b4860be08b', 'd6a58459-0411-4af3-9a11-f16a989fc1f5', '9290f2d1-3cec-49da-bc13-4a0af805285a', NULL, 'Dr. Murilo', '2025-11-05', 1000.0, 'pix', '', 1, 1, 0.0, 1000.0, '191e21f4-daff-4df4-9b7c-4e95ca173d5b', 0.0, '', '');
INSERT INTO sale_products (id, sale_id, product_id, qty, cost_at_sale, session_type) VALUES ('0e8ceaf3-40ff-453e-815a-47caadab6319', '22cc9301-67e7-4c9b-b5bd-50b4860be08b', '18727f89-f1c2-47f6-a51a-ef8180bdfa8d', 0, 0, 'initial');
INSERT INTO sales (id, patient_id, service_id, appointment_id, professional, date, price, payment_method, card_brand, installments, paid_installments, credit_fee_rate, net_amount, location_id, down_payment_amount, down_payment_method, notes) VALUES ('2fd0863e-8a50-416f-acc5-38e7669f7760', 'd6a58459-0411-4af3-9a11-f16a989fc1f5', '5098c666-3e63-41b4-a471-871ccf506745', NULL, 'Dr. Murilo', '2025-11-05', 1000.0, 'pix', '', 1, 1, 0.0, 1000.0, '191e21f4-daff-4df4-9b7c-4e95ca173d5b', 0.0, '', '');
INSERT INTO sale_products (id, sale_id, product_id, qty, cost_at_sale, session_type) VALUES ('409f23fb-4db3-46a1-ada6-32e639d92e3c', '2fd0863e-8a50-416f-acc5-38e7669f7760', '6f0036b6-dfae-4dd3-83fd-51c4df712f8e', 0, 0, 'initial');
INSERT INTO sales (id, patient_id, service_id, appointment_id, professional, date, price, payment_method, card_brand, installments, paid_installments, credit_fee_rate, net_amount, location_id, down_payment_amount, down_payment_method, notes) VALUES ('1018e276-7dcc-42a9-89df-827b79cfc15d', 'f246b489-7d5d-4a17-881d-a9f4e32605ef', 'ea71da92-d37c-414a-a783-360a25933755', NULL, 'Dr. Murilo', '2025-11-10', 900.0, 'pix', '', 1, 1, 0.0, 900.0, 'd265682b-7f5e-4fba-b436-83da89c91aab', 0.0, '', '');
INSERT INTO sale_products (id, sale_id, product_id, qty, cost_at_sale, session_type) VALUES ('23788af7-71b9-47a5-9390-225f2dcde99f', '1018e276-7dcc-42a9-89df-827b79cfc15d', '0ffbf799-9da4-4f0a-ba23-658cb10e40d4', 0, 0, 'initial');
INSERT INTO sales (id, patient_id, service_id, appointment_id, professional, date, price, payment_method, card_brand, installments, paid_installments, credit_fee_rate, net_amount, location_id, down_payment_amount, down_payment_method, notes) VALUES ('6ce5b128-ed54-4ea4-8bf3-7cfa5d3747d3', 'ed45ca85-0c6c-443b-8611-a96b94e1177b', 'ea71da92-d37c-414a-a783-360a25933755', NULL, 'Dr. Murilo', '2025-11-11', 890.0, 'credit', '', 4, 4, 0.0, 835.62, '191e21f4-daff-4df4-9b7c-4e95ca173d5b', 0.0, '', '');
INSERT INTO sale_products (id, sale_id, product_id, qty, cost_at_sale, session_type) VALUES ('60805b3b-58b9-4aac-b3b2-e68b2c277e30', '6ce5b128-ed54-4ea4-8bf3-7cfa5d3747d3', '0ffbf799-9da4-4f0a-ba23-658cb10e40d4', 0, 0, 'initial');
INSERT INTO sales (id, patient_id, service_id, appointment_id, professional, date, price, payment_method, card_brand, installments, paid_installments, credit_fee_rate, net_amount, location_id, down_payment_amount, down_payment_method, notes) VALUES ('79759fe7-0074-4e7b-99b2-ebe1ad4082dd', '39d98358-da9f-4326-9925-83933bd886b8', 'ea71da92-d37c-414a-a783-360a25933755', NULL, 'Dr. Murilo', '2025-11-11', 850.0, 'pix', '', 1, 1, 0.0, 850.0, 'd265682b-7f5e-4fba-b436-83da89c91aab', 0.0, '', '');
INSERT INTO sale_products (id, sale_id, product_id, qty, cost_at_sale, session_type) VALUES ('dde4d874-3e51-4731-aa4c-5fda437e78fb', '79759fe7-0074-4e7b-99b2-ebe1ad4082dd', '0ffbf799-9da4-4f0a-ba23-658cb10e40d4', 0, 0, 'initial');
INSERT INTO sales (id, patient_id, service_id, appointment_id, professional, date, price, payment_method, card_brand, installments, paid_installments, credit_fee_rate, net_amount, location_id, down_payment_amount, down_payment_method, notes) VALUES ('8a557c4a-3ac3-47fb-9111-92790d85316d', '542058f7-6895-4d97-9b24-7d65de8673ee', 'ea71da92-d37c-414a-a783-360a25933755', NULL, 'Dr. Murilo', '2025-11-17', 750.0, 'pix', '', 1, 1, 0.0, 750.0, 'd265682b-7f5e-4fba-b436-83da89c91aab', 0.0, '', '');
INSERT INTO sale_products (id, sale_id, product_id, qty, cost_at_sale, session_type) VALUES ('7de8c6e8-e415-405b-a6ad-271c27b2942d', '8a557c4a-3ac3-47fb-9111-92790d85316d', '0ffbf799-9da4-4f0a-ba23-658cb10e40d4', 0, 0, 'initial');
INSERT INTO sales (id, patient_id, service_id, appointment_id, professional, date, price, payment_method, card_brand, installments, paid_installments, credit_fee_rate, net_amount, location_id, down_payment_amount, down_payment_method, notes) VALUES ('d2502e60-3003-4750-887a-239d7a3516a3', 'c96742f3-12f1-4c15-a8ee-ce9efb6936b1', 'ea71da92-d37c-414a-a783-360a25933755', NULL, 'Dr. Murilo', '2025-11-17', 750.0, 'pix', '', 1, 1, 0.0, 750.0, 'd265682b-7f5e-4fba-b436-83da89c91aab', 0.0, '', '');
INSERT INTO sale_products (id, sale_id, product_id, qty, cost_at_sale, session_type) VALUES ('370d73ce-9ba1-4c94-a482-1702cf3916aa', 'd2502e60-3003-4750-887a-239d7a3516a3', '0ffbf799-9da4-4f0a-ba23-658cb10e40d4', 0, 0, 'initial');
INSERT INTO sales (id, patient_id, service_id, appointment_id, professional, date, price, payment_method, card_brand, installments, paid_installments, credit_fee_rate, net_amount, location_id, down_payment_amount, down_payment_method, notes) VALUES ('647b75c5-5f26-4b95-a026-80e20aa6b1e0', 'eb7c71ee-e10e-4124-89fd-11fe60fd9296', 'b8d7cb66-92fb-468b-b961-74ef8cf5624a', NULL, 'Dr. Murilo', '2025-11-17', 6000.0, 'credit', '', 10, 10, 0.0, 5579.6, '191e21f4-daff-4df4-9b7c-4e95ca173d5b', 2000.0, 'pix', '');
INSERT INTO sales (id, patient_id, service_id, appointment_id, professional, date, price, payment_method, card_brand, installments, paid_installments, credit_fee_rate, net_amount, location_id, down_payment_amount, down_payment_method, notes) VALUES ('90bae48f-cb3c-4280-85c2-b11a8201617c', 'afc71503-8a79-4f72-8fe6-699bcb6ebad7', '1fac3a2b-604b-4ece-a49d-56751961171f', NULL, 'Dr. Murilo', '2025-11-18', 3800.0, 'credit', '', 10, 10, 0.0, 3400.62, '191e21f4-daff-4df4-9b7c-4e95ca173d5b', 0.0, '', '');
INSERT INTO sale_products (id, sale_id, product_id, qty, cost_at_sale, session_type) VALUES ('2f099d3d-c10a-430a-b8dd-43f7ffdb9c14', '90bae48f-cb3c-4280-85c2-b11a8201617c', '682498c9-7535-4e1a-94a7-edacb5451b51', 0, 0, 'initial');
INSERT INTO sales (id, patient_id, service_id, appointment_id, professional, date, price, payment_method, card_brand, installments, paid_installments, credit_fee_rate, net_amount, location_id, down_payment_amount, down_payment_method, notes) VALUES ('a5659af8-adf2-458f-825d-2cc20eec3ecd', 'afc71503-8a79-4f72-8fe6-699bcb6ebad7', 'e659b4bf-e7e4-43ea-8db6-756bd6c3e618', NULL, 'Dr. Murilo', '2025-11-18', 2200.0, 'credit', '', 10, 10, 0.0, 1968.78, '191e21f4-daff-4df4-9b7c-4e95ca173d5b', 0.0, '', '');
INSERT INTO sale_products (id, sale_id, product_id, qty, cost_at_sale, session_type) VALUES ('6968f895-4808-47a7-b82d-971f89bc0712', 'a5659af8-adf2-458f-825d-2cc20eec3ecd', '0974ed72-51f4-4458-8621-2ce4594e222d', 0, 0, 'initial');
INSERT INTO sales (id, patient_id, service_id, appointment_id, professional, date, price, payment_method, card_brand, installments, paid_installments, credit_fee_rate, net_amount, location_id, down_payment_amount, down_payment_method, notes) VALUES ('56573bb4-90af-4518-9399-347b486b96a6', '9fa87ec7-e23f-4841-8cd5-296c379581ae', 'ea71da92-d37c-414a-a783-360a25933755', NULL, 'Dr. Murilo', '2025-11-28', 899.0, 'pix', '', 1, 1, 0.0, 899.0, '191e21f4-daff-4df4-9b7c-4e95ca173d5b', 0.0, '', '');
INSERT INTO sale_products (id, sale_id, product_id, qty, cost_at_sale, session_type) VALUES ('1fe75f25-3dda-4cf3-8eaa-65b15e90e7cb', '56573bb4-90af-4518-9399-347b486b96a6', '0ffbf799-9da4-4f0a-ba23-658cb10e40d4', 0, 0, 'initial');
INSERT INTO sales (id, patient_id, service_id, appointment_id, professional, date, price, payment_method, card_brand, installments, paid_installments, credit_fee_rate, net_amount, location_id, down_payment_amount, down_payment_method, notes) VALUES ('d4b68836-1b7c-4cf6-80ed-68ecace4a00c', 'e7866859-0cfe-4217-af2c-c58257f9ddf8', 'ea71da92-d37c-414a-a783-360a25933755', NULL, 'Dr. Murilo', '2025-11-28', 899.0, 'credit', '', 3, 3, 0.0, 850.9, '191e21f4-daff-4df4-9b7c-4e95ca173d5b', 0.0, '', '');
INSERT INTO sale_products (id, sale_id, product_id, qty, cost_at_sale, session_type) VALUES ('906c6eea-70fc-4498-91b8-11cc32a3fe91', 'd4b68836-1b7c-4cf6-80ed-68ecace4a00c', '0ffbf799-9da4-4f0a-ba23-658cb10e40d4', 0, 0, 'initial');
INSERT INTO sales (id, patient_id, service_id, appointment_id, professional, date, price, payment_method, card_brand, installments, paid_installments, credit_fee_rate, net_amount, location_id, down_payment_amount, down_payment_method, notes) VALUES ('58af138f-dded-4ad8-8149-75abc454e6b5', '0c8bda95-97fe-41cd-843d-65d05768d10b', 'ea71da92-d37c-414a-a783-360a25933755', NULL, 'Dr. Murilo', '2025-12-02', 750.0, 'pix', '', 1, 1, 0.0, 750.0, '191e21f4-daff-4df4-9b7c-4e95ca173d5b', 0.0, '', '');
INSERT INTO sale_products (id, sale_id, product_id, qty, cost_at_sale, session_type) VALUES ('b6290ea2-2d38-4c8a-87d4-32453289e523', '58af138f-dded-4ad8-8149-75abc454e6b5', '0ffbf799-9da4-4f0a-ba23-658cb10e40d4', 0, 0, 'initial');
INSERT INTO sales (id, patient_id, service_id, appointment_id, professional, date, price, payment_method, card_brand, installments, paid_installments, credit_fee_rate, net_amount, location_id, down_payment_amount, down_payment_method, notes) VALUES ('0a80ac0d-420e-4ab6-aa80-568474403740', 'd8e23fed-e2bf-4499-a77b-b6104c858023', 'ea71da92-d37c-414a-a783-360a25933755', NULL, 'Dr. Murilo', '2025-12-03', 899.0, 'credit', '', 1, 1, 0.0, 872.84, '191e21f4-daff-4df4-9b7c-4e95ca173d5b', 0.0, '', '');
INSERT INTO sale_products (id, sale_id, product_id, qty, cost_at_sale, session_type) VALUES ('46b66401-e6fd-4be3-aa60-b82c1939983c', '0a80ac0d-420e-4ab6-aa80-568474403740', '0ffbf799-9da4-4f0a-ba23-658cb10e40d4', 0, 0, 'initial');
INSERT INTO sales (id, patient_id, service_id, appointment_id, professional, date, price, payment_method, card_brand, installments, paid_installments, credit_fee_rate, net_amount, location_id, down_payment_amount, down_payment_method, notes) VALUES ('38fbf9f7-260b-49be-9ebb-6cda67fdcff6', 'c196a727-e7df-4fe0-899b-1949c273ab11', 'ea71da92-d37c-414a-a783-360a25933755', NULL, 'Dr. Murilo', '2025-12-03', 899.0, 'credit', '', 8, 8, 0.0, 817.28, '191e21f4-daff-4df4-9b7c-4e95ca173d5b', 0.0, '', '');
INSERT INTO sale_products (id, sale_id, product_id, qty, cost_at_sale, session_type) VALUES ('63156fde-ffd7-4247-b95e-53590222fa64', '38fbf9f7-260b-49be-9ebb-6cda67fdcff6', '0ffbf799-9da4-4f0a-ba23-658cb10e40d4', 0, 0, 'initial');
INSERT INTO sales (id, patient_id, service_id, appointment_id, professional, date, price, payment_method, card_brand, installments, paid_installments, credit_fee_rate, net_amount, location_id, down_payment_amount, down_payment_method, notes) VALUES ('bfac77d3-ebbb-4210-8a3a-e91411e81e43', 'c196a727-e7df-4fe0-899b-1949c273ab11', 'e659b4bf-e7e4-43ea-8db6-756bd6c3e618', NULL, 'Dr. Murilo', '2025-12-03', 2000.0, 'credit', '', 8, 8, 0.0, 1818.8, '191e21f4-daff-4df4-9b7c-4e95ca173d5b', 0.0, '', '');
INSERT INTO sale_products (id, sale_id, product_id, qty, cost_at_sale, session_type) VALUES ('5a3c2d3b-8c41-4930-bf54-7058fbf25688', 'bfac77d3-ebbb-4210-8a3a-e91411e81e43', '0974ed72-51f4-4458-8621-2ce4594e222d', 0, 0, 'initial');
INSERT INTO sales (id, patient_id, service_id, appointment_id, professional, date, price, payment_method, card_brand, installments, paid_installments, credit_fee_rate, net_amount, location_id, down_payment_amount, down_payment_method, notes) VALUES ('5695a4f6-d3e8-483a-8355-c3718b2fd7b3', 'dabbbfd9-a5ba-4c23-8308-96726032d011', 'ea71da92-d37c-414a-a783-360a25933755', NULL, 'Dr. Murilo', '2025-12-04', 950.0, 'credit', '', 1, 1, 0.0, 899.17, '191e21f4-daff-4df4-9b7c-4e95ca173d5b', 0.0, '', '');
INSERT INTO sale_products (id, sale_id, product_id, qty, cost_at_sale, session_type) VALUES ('93efe477-ef1f-4306-a1b7-cc913b3a6f50', '5695a4f6-d3e8-483a-8355-c3718b2fd7b3', '0ffbf799-9da4-4f0a-ba23-658cb10e40d4', 0, 0, 'initial');
INSERT INTO sales (id, patient_id, service_id, appointment_id, professional, date, price, payment_method, card_brand, installments, paid_installments, credit_fee_rate, net_amount, location_id, down_payment_amount, down_payment_method, notes) VALUES ('d6311319-87b9-45ef-941b-dc052ebb4fdb', '0b6f5fcc-c39b-4cb8-adf5-a5f768ac55d3', 'ea71da92-d37c-414a-a783-360a25933755', NULL, 'Dr. Murilo', '2025-12-06', 926.0, 'credit', '', 3, 3, 0.0, 876.45, '191e21f4-daff-4df4-9b7c-4e95ca173d5b', 0.0, '', '');
INSERT INTO sale_products (id, sale_id, product_id, qty, cost_at_sale, session_type) VALUES ('2e80bcf4-9275-4552-a5fb-686de0fac455', 'd6311319-87b9-45ef-941b-dc052ebb4fdb', '0ffbf799-9da4-4f0a-ba23-658cb10e40d4', 0, 0, 'initial');
INSERT INTO sales (id, patient_id, service_id, appointment_id, professional, date, price, payment_method, card_brand, installments, paid_installments, credit_fee_rate, net_amount, location_id, down_payment_amount, down_payment_method, notes) VALUES ('d178a593-2df4-4f94-a15c-df70b64e0c9f', '072f2775-aac0-4b71-bb3e-f25dfb1b3db6', 'ea71da92-d37c-414a-a783-360a25933755', NULL, 'Dr. Murilo', '2025-12-08', 900.0, 'pix', '', 1, 1, 0.0, 900.0, 'd265682b-7f5e-4fba-b436-83da89c91aab', 0.0, '', '');
INSERT INTO sale_products (id, sale_id, product_id, qty, cost_at_sale, session_type) VALUES ('b7a4987f-50d7-4e7a-b8e2-18659bb97321', 'd178a593-2df4-4f94-a15c-df70b64e0c9f', '0ffbf799-9da4-4f0a-ba23-658cb10e40d4', 0, 0, 'initial');
INSERT INTO sales (id, patient_id, service_id, appointment_id, professional, date, price, payment_method, card_brand, installments, paid_installments, credit_fee_rate, net_amount, location_id, down_payment_amount, down_payment_method, notes) VALUES ('7bc08df4-584c-4752-80e7-14fee80ff558', '84bbebfa-d10f-4227-8d4d-4faf0b4c93c3', 'ea71da92-d37c-414a-a783-360a25933755', NULL, 'Dr. Murilo', '2025-12-08', 899.0, 'credit', '', 2, 2, 0.0, 856.47, 'd265682b-7f5e-4fba-b436-83da89c91aab', 0.0, '', '');
INSERT INTO sale_products (id, sale_id, product_id, qty, cost_at_sale, session_type) VALUES ('9a216a18-ca36-4ab7-b394-bc505a474093', '7bc08df4-584c-4752-80e7-14fee80ff558', '0ffbf799-9da4-4f0a-ba23-658cb10e40d4', 0, 0, 'initial');
INSERT INTO sales (id, patient_id, service_id, appointment_id, professional, date, price, payment_method, card_brand, installments, paid_installments, credit_fee_rate, net_amount, location_id, down_payment_amount, down_payment_method, notes) VALUES ('963760b1-f8ad-49d3-861b-09dbb45a11f5', '3a277af6-28e2-4d20-9d02-93e07bd9d802', 'ea71da92-d37c-414a-a783-360a25933755', NULL, 'Dr. Murilo', '2025-12-08', 800.0, 'credit', '', 4, 4, 0.0, 751.12, 'd265682b-7f5e-4fba-b436-83da89c91aab', 0.0, '', '');
INSERT INTO sale_products (id, sale_id, product_id, qty, cost_at_sale, session_type) VALUES ('c5b19b2a-8994-4df6-a3f8-18f0a2377eac', '963760b1-f8ad-49d3-861b-09dbb45a11f5', '0ffbf799-9da4-4f0a-ba23-658cb10e40d4', 0, 0, 'initial');
INSERT INTO sales (id, patient_id, service_id, appointment_id, professional, date, price, payment_method, card_brand, installments, paid_installments, credit_fee_rate, net_amount, location_id, down_payment_amount, down_payment_method, notes) VALUES ('967ed8c3-4800-4c90-9aa6-1d2c26e0d9f4', '698800bf-647c-4bb1-97d8-98dad768b266', 'ea71da92-d37c-414a-a783-360a25933755', NULL, 'Dr. Murilo', '2025-12-09', 899.0, 'credit', '', 8, 8, 0.0, 817.19, '191e21f4-daff-4df4-9b7c-4e95ca173d5b', 0.0, '', '');
INSERT INTO sale_products (id, sale_id, product_id, qty, cost_at_sale, session_type) VALUES ('8698823c-d2fb-4e95-a09d-6cd4607fb189', '967ed8c3-4800-4c90-9aa6-1d2c26e0d9f4', '0ffbf799-9da4-4f0a-ba23-658cb10e40d4', 0, 0, 'initial');
INSERT INTO sales (id, patient_id, service_id, appointment_id, professional, date, price, payment_method, card_brand, installments, paid_installments, credit_fee_rate, net_amount, location_id, down_payment_amount, down_payment_method, notes) VALUES ('75011c34-4529-4b15-b55a-7c2dbf419c1a', '698800bf-647c-4bb1-97d8-98dad768b266', 'e659b4bf-e7e4-43ea-8db6-756bd6c3e618', NULL, 'Dr. Murilo', '2025-12-09', 1200.0, 'credit', '', 8, 8, 0.0, 1090.8, '191e21f4-daff-4df4-9b7c-4e95ca173d5b', 0.0, '', '');
INSERT INTO sale_products (id, sale_id, product_id, qty, cost_at_sale, session_type) VALUES ('96f0cbce-7436-4c50-8d7b-033d20316acb', '75011c34-4529-4b15-b55a-7c2dbf419c1a', '192dcac2-7ca7-4678-a284-1240f9651960', 0, 0, 'initial');
INSERT INTO sales (id, patient_id, service_id, appointment_id, professional, date, price, payment_method, card_brand, installments, paid_installments, credit_fee_rate, net_amount, location_id, down_payment_amount, down_payment_method, notes) VALUES ('6a01e4e9-f841-48bc-94ee-db666cecbbfc', '4efcb27c-9a96-40e0-914f-fdc30b7b433a', 'ea71da92-d37c-414a-a783-360a25933755', NULL, 'Dr. Murilo', '2025-12-10', 899.0, 'credit', '', 8, 8, 0.0, 817.28, '191e21f4-daff-4df4-9b7c-4e95ca173d5b', 0.0, '', '');
INSERT INTO sale_products (id, sale_id, product_id, qty, cost_at_sale, session_type) VALUES ('05137508-6f43-43ef-9cc3-f723f031171c', '6a01e4e9-f841-48bc-94ee-db666cecbbfc', '0ffbf799-9da4-4f0a-ba23-658cb10e40d4', 0, 0, 'initial');
INSERT INTO sales (id, patient_id, service_id, appointment_id, professional, date, price, payment_method, card_brand, installments, paid_installments, credit_fee_rate, net_amount, location_id, down_payment_amount, down_payment_method, notes) VALUES ('7583274e-494f-4be8-9437-99d5bb9a873f', '434de88f-1dc3-4f87-b135-b76a21cba1eb', '59c0fa24-0159-411b-8941-d1389f5a559c', NULL, 'Dr. Murilo', '2025-12-10', 900.0, 'debit', '', 1, 1, 0.0, 887.49, '191e21f4-daff-4df4-9b7c-4e95ca173d5b', 0.0, '', '');
INSERT INTO sale_products (id, sale_id, product_id, qty, cost_at_sale, session_type) VALUES ('60b2aca3-0f32-483d-894f-1af033c8de43', '7583274e-494f-4be8-9437-99d5bb9a873f', '2b73cb61-69cc-42b3-9da9-ad51d8cfe2a3', 0, 0, 'initial');
INSERT INTO sales (id, patient_id, service_id, appointment_id, professional, date, price, payment_method, card_brand, installments, paid_installments, credit_fee_rate, net_amount, location_id, down_payment_amount, down_payment_method, notes) VALUES ('ff754bb4-9034-4902-9316-da5e40bb8749', '6978960a-1bcf-4a8c-bd77-be53fa86ac21', 'ea71da92-d37c-414a-a783-360a25933755', NULL, 'Dr. Murilo', '2025-12-11', 900.0, 'pix', '', 1, 1, 0.0, 900.0, 'd265682b-7f5e-4fba-b436-83da89c91aab', 0.0, '', '');
INSERT INTO sale_products (id, sale_id, product_id, qty, cost_at_sale, session_type) VALUES ('04a34215-b861-46eb-83d1-67bade43b366', 'ff754bb4-9034-4902-9316-da5e40bb8749', '0ffbf799-9da4-4f0a-ba23-658cb10e40d4', 0, 0, 'initial');
INSERT INTO sales (id, patient_id, service_id, appointment_id, professional, date, price, payment_method, card_brand, installments, paid_installments, credit_fee_rate, net_amount, location_id, down_payment_amount, down_payment_method, notes) VALUES ('2c2ee028-baba-4a7e-aa5a-ea9b0ffe260b', '3e6d49b5-3296-474d-802c-6c43aba22136', 'ea71da92-d37c-414a-a783-360a25933755', NULL, 'Dr. Murilo', '2025-12-15', 930.0, 'pix', '', 1, 1, 0.0, 930.0, '9c5a12e0-1003-424f-b5f8-b38f94e6d722', 0.0, '', '');
INSERT INTO sale_products (id, sale_id, product_id, qty, cost_at_sale, session_type) VALUES ('5cf38bce-b841-4b87-9990-a937549bf589', '2c2ee028-baba-4a7e-aa5a-ea9b0ffe260b', '0ffbf799-9da4-4f0a-ba23-658cb10e40d4', 0, 0, 'initial');
INSERT INTO sales (id, patient_id, service_id, appointment_id, professional, date, price, payment_method, card_brand, installments, paid_installments, credit_fee_rate, net_amount, location_id, down_payment_amount, down_payment_method, notes) VALUES ('9866742f-97f7-40f2-8f78-4cfabc0a4b90', '3b5e885a-8740-4f52-863e-fc7a8f9c9060', 'ea71da92-d37c-414a-a783-360a25933755', NULL, 'Dr. Murilo', '2025-12-15', 850.0, 'pix', '', 1, 1, 0.0, 850.0, '191e21f4-daff-4df4-9b7c-4e95ca173d5b', 0.0, '', '');
INSERT INTO sale_products (id, sale_id, product_id, qty, cost_at_sale, session_type) VALUES ('66e47513-5de0-4126-b94b-6fd9444f6747', '9866742f-97f7-40f2-8f78-4cfabc0a4b90', '0ffbf799-9da4-4f0a-ba23-658cb10e40d4', 0, 0, 'initial');
INSERT INTO sales (id, patient_id, service_id, appointment_id, professional, date, price, payment_method, card_brand, installments, paid_installments, credit_fee_rate, net_amount, location_id, down_payment_amount, down_payment_method, notes) VALUES ('f52dd8c3-703e-4bd6-b600-9f9032c464b2', '3b5e885a-8740-4f52-863e-fc7a8f9c9060', '59c0fa24-0159-411b-8941-d1389f5a559c', NULL, 'Dr. Murilo', '2025-12-15', 850.0, 'pix', '', 1, 1, 0.0, 850.0, '191e21f4-daff-4df4-9b7c-4e95ca173d5b', 0.0, '', '');
INSERT INTO sale_products (id, sale_id, product_id, qty, cost_at_sale, session_type) VALUES ('245b686e-c838-467c-adfd-0a786944dfcd', 'f52dd8c3-703e-4bd6-b600-9f9032c464b2', '2b73cb61-69cc-42b3-9da9-ad51d8cfe2a3', 0, 0, 'initial');
INSERT INTO sales (id, patient_id, service_id, appointment_id, professional, date, price, payment_method, card_brand, installments, paid_installments, credit_fee_rate, net_amount, location_id, down_payment_amount, down_payment_method, notes) VALUES ('46c23ef4-2cda-48f6-95c1-a399c6675deb', '9fa87ec7-e23f-4841-8cd5-296c379581ae', 'e659b4bf-e7e4-43ea-8db6-756bd6c3e618', NULL, 'Dr. Murilo', '2025-12-16', 1900.0, 'pix', '', 1, 1, 0.0, 1900.0, '191e21f4-daff-4df4-9b7c-4e95ca173d5b', 0.0, '', '');
INSERT INTO sale_products (id, sale_id, product_id, qty, cost_at_sale, session_type) VALUES ('db2db95d-de0c-4f7a-bf01-1f0d041c00d0', '46c23ef4-2cda-48f6-95c1-a399c6675deb', '0974ed72-51f4-4458-8621-2ce4594e222d', 0, 0, 'initial');
INSERT INTO sales (id, patient_id, service_id, appointment_id, professional, date, price, payment_method, card_brand, installments, paid_installments, credit_fee_rate, net_amount, location_id, down_payment_amount, down_payment_method, notes) VALUES ('f6cafda7-d392-487f-97ca-53262d732e33', 'baf9b52d-576f-49de-a599-d397d1d639b6', 'ea71da92-d37c-414a-a783-360a25933755', NULL, 'Dr. Murilo', '2025-12-18', 750.0, 'credit', '', 3, 3, 0.0, 708.75, '191e21f4-daff-4df4-9b7c-4e95ca173d5b', 0.0, '', '');
INSERT INTO sale_products (id, sale_id, product_id, qty, cost_at_sale, session_type) VALUES ('8800a021-d798-4a7f-a2b6-1b6e607b3d48', 'f6cafda7-d392-487f-97ca-53262d732e33', '0ffbf799-9da4-4f0a-ba23-658cb10e40d4', 0, 0, 'initial');
INSERT INTO sales (id, patient_id, service_id, appointment_id, professional, date, price, payment_method, card_brand, installments, paid_installments, credit_fee_rate, net_amount, location_id, down_payment_amount, down_payment_method, notes) VALUES ('df2f51c3-c5de-4242-ba42-57477869790a', '41ed164e-e44f-40eb-8933-2dbbc2be0b84', '59c0fa24-0159-411b-8941-d1389f5a559c', NULL, 'Dr. Murilo', '2025-12-19', 1000.0, 'credit', '', 1, 1, 0.0, 970.8, '191e21f4-daff-4df4-9b7c-4e95ca173d5b', 0.0, '', '');
INSERT INTO sale_products (id, sale_id, product_id, qty, cost_at_sale, session_type) VALUES ('67baa052-46b9-4e19-b57a-b9933cba2ecf', 'df2f51c3-c5de-4242-ba42-57477869790a', '2b73cb61-69cc-42b3-9da9-ad51d8cfe2a3', 0, 0, 'initial');
INSERT INTO sales (id, patient_id, service_id, appointment_id, professional, date, price, payment_method, card_brand, installments, paid_installments, credit_fee_rate, net_amount, location_id, down_payment_amount, down_payment_method, notes) VALUES ('11f88c2a-0c3e-4b99-b46f-657d2d745295', '1288e1fb-e5f6-4a0b-ab89-61aa47ce4920', 'ea71da92-d37c-414a-a783-360a25933755', NULL, 'Dr. Murilo', '2025-12-22', 750.0, 'debit', '', 1, 1, 0.0, 743.05, '191e21f4-daff-4df4-9b7c-4e95ca173d5b', 0.0, '', '');
INSERT INTO sale_products (id, sale_id, product_id, qty, cost_at_sale, session_type) VALUES ('66e2d10d-f91c-43f5-bf3f-5e0e77dd8e40', '11f88c2a-0c3e-4b99-b46f-657d2d745295', '0ffbf799-9da4-4f0a-ba23-658cb10e40d4', 0, 0, 'initial');
INSERT INTO sales (id, patient_id, service_id, appointment_id, professional, date, price, payment_method, card_brand, installments, paid_installments, credit_fee_rate, net_amount, location_id, down_payment_amount, down_payment_method, notes) VALUES ('9af9f750-5b63-4d4b-94a8-d7f739f6ef12', 'd1b858f2-7a35-4383-b1c3-9fd31f33945f', 'ea71da92-d37c-414a-a783-360a25933755', NULL, 'Dr. Murilo', '2025-12-24', 760.0, 'pix', '', 1, 1, 0.0, 760.0, '191e21f4-daff-4df4-9b7c-4e95ca173d5b', 0.0, '', '');
INSERT INTO sale_products (id, sale_id, product_id, qty, cost_at_sale, session_type) VALUES ('0c1367d2-5da0-4e70-b0cd-8f1b7ba41eb4', '9af9f750-5b63-4d4b-94a8-d7f739f6ef12', '0ffbf799-9da4-4f0a-ba23-658cb10e40d4', 0, 0, 'initial');
INSERT INTO sales (id, patient_id, service_id, appointment_id, professional, date, price, payment_method, card_brand, installments, paid_installments, credit_fee_rate, net_amount, location_id, down_payment_amount, down_payment_method, notes) VALUES ('4033d6b1-cb8f-438b-9e2d-ea2c233d96a2', '44412bd0-3987-49c3-b6f3-d1e4497cb038', 'ea71da92-d37c-414a-a783-360a25933755', NULL, 'Dr. Murilo', '2025-12-26', 899.0, 'credit', '', 8, 8, 0.0, 861.43, 'd265682b-7f5e-4fba-b436-83da89c91aab', 0.0, '', '');
INSERT INTO sale_products (id, sale_id, product_id, qty, cost_at_sale, session_type) VALUES ('55ab2c1a-a157-4a87-bb4d-b6d342fbddde', '4033d6b1-cb8f-438b-9e2d-ea2c233d96a2', '0ffbf799-9da4-4f0a-ba23-658cb10e40d4', 0, 0, 'initial');
INSERT INTO sales (id, patient_id, service_id, appointment_id, professional, date, price, payment_method, card_brand, installments, paid_installments, credit_fee_rate, net_amount, location_id, down_payment_amount, down_payment_method, notes) VALUES ('a879deeb-bbf3-4f35-85ee-d7e223bba11a', 'cc0857c7-2d6d-4e81-9c2a-e975fc467f07', 'ea71da92-d37c-414a-a783-360a25933755', NULL, 'Dr. Murilo', '2025-12-26', 899.0, 'credit', '', 8, 8, 0.0, 861.43, 'd265682b-7f5e-4fba-b436-83da89c91aab', 0.0, '', '');
INSERT INTO sale_products (id, sale_id, product_id, qty, cost_at_sale, session_type) VALUES ('fe0d2054-28ab-40d1-809a-30690ad4b140', 'a879deeb-bbf3-4f35-85ee-d7e223bba11a', '0ffbf799-9da4-4f0a-ba23-658cb10e40d4', 0, 0, 'initial');
INSERT INTO sales (id, patient_id, service_id, appointment_id, professional, date, price, payment_method, card_brand, installments, paid_installments, credit_fee_rate, net_amount, location_id, down_payment_amount, down_payment_method, notes) VALUES ('020a32f0-5b40-4569-b5c9-9f0c670d44c3', '44412bd0-3987-49c3-b6f3-d1e4497cb038', 'e659b4bf-e7e4-43ea-8db6-756bd6c3e618', NULL, 'Dr. Murilo', '2025-12-26', 1900.0, 'credit', '', 8, 8, 0.0, 1820.8, 'd265682b-7f5e-4fba-b436-83da89c91aab', 0.0, '', '');
INSERT INTO sale_products (id, sale_id, product_id, qty, cost_at_sale, session_type) VALUES ('a412ff18-6d3e-4066-8a5c-c48b55e68176', '020a32f0-5b40-4569-b5c9-9f0c670d44c3', '0974ed72-51f4-4458-8621-2ce4594e222d', 0, 0, 'initial');
INSERT INTO sales (id, patient_id, service_id, appointment_id, professional, date, price, payment_method, card_brand, installments, paid_installments, credit_fee_rate, net_amount, location_id, down_payment_amount, down_payment_method, notes) VALUES ('64178007-6a5a-43c2-bfb4-35fecfbf6d37', '95cecfd2-a6b0-4b2d-8ec2-6b7fa1b6c6ad', 'ea71da92-d37c-414a-a783-360a25933755', NULL, 'Dr. Murilo', '2025-12-28', 900.0, 'pix', '', 1, 1, 0.0, 900.0, 'd265682b-7f5e-4fba-b436-83da89c91aab', 0.0, '', '');
INSERT INTO sale_products (id, sale_id, product_id, qty, cost_at_sale, session_type) VALUES ('1513498c-d27c-4780-9213-b28e998a5d68', '64178007-6a5a-43c2-bfb4-35fecfbf6d37', '0ffbf799-9da4-4f0a-ba23-658cb10e40d4', 0, 0, 'initial');
INSERT INTO sales (id, patient_id, service_id, appointment_id, professional, date, price, payment_method, card_brand, installments, paid_installments, credit_fee_rate, net_amount, location_id, down_payment_amount, down_payment_method, notes) VALUES ('9a2e314b-6cfc-4107-a602-7ca1d8772bd8', 'f0d7d021-8946-4884-b35b-efca8e627f1b', 'ea71da92-d37c-414a-a783-360a25933755', NULL, 'Dr. Murilo', '2026-01-05', 790.0, 'pix', '', 1, 1, 0.0, 790.0, '191e21f4-daff-4df4-9b7c-4e95ca173d5b', 0.0, '', '');
INSERT INTO sale_products (id, sale_id, product_id, qty, cost_at_sale, session_type) VALUES ('e38c0211-7474-4403-9562-c07ee10acb1f', '9a2e314b-6cfc-4107-a602-7ca1d8772bd8', '0ffbf799-9da4-4f0a-ba23-658cb10e40d4', 0, 0, 'initial');
INSERT INTO sales (id, patient_id, service_id, appointment_id, professional, date, price, payment_method, card_brand, installments, paid_installments, credit_fee_rate, net_amount, location_id, down_payment_amount, down_payment_method, notes) VALUES ('11017781-6d84-42d6-b7a1-8e28f47fc489', '0f25dadf-319d-4368-8388-6ddf5eaf562e', 'b8d7cb66-92fb-468b-b961-74ef8cf5624a', NULL, 'Dr. Murilo', '2026-01-07', 5600.0, 'pixInstallment', '', 4, 0, 0.0, 5600.0, '191e21f4-daff-4df4-9b7c-4e95ca173d5b', 0.0, '', '');
INSERT INTO sales (id, patient_id, service_id, appointment_id, professional, date, price, payment_method, card_brand, installments, paid_installments, credit_fee_rate, net_amount, location_id, down_payment_amount, down_payment_method, notes) VALUES ('a47a33fe-cf4e-4008-b550-7a7a985388d1', '2ce17549-c5c1-4f8d-9177-09bb751caf33', 'e659b4bf-e7e4-43ea-8db6-756bd6c3e618', NULL, 'Dr. Murilo', '2026-01-22', 1800.0, 'pixInstallment', '', 1, 0, 0.0, 1800.0, '191e21f4-daff-4df4-9b7c-4e95ca173d5b', 0.0, '', '');
INSERT INTO sale_products (id, sale_id, product_id, qty, cost_at_sale, session_type) VALUES ('043b970a-6976-4361-b399-326a04be714e', 'a47a33fe-cf4e-4008-b550-7a7a985388d1', '0974ed72-51f4-4458-8621-2ce4594e222d', 0, 0, 'initial');
INSERT INTO sales (id, patient_id, service_id, appointment_id, professional, date, price, payment_method, card_brand, installments, paid_installments, credit_fee_rate, net_amount, location_id, down_payment_amount, down_payment_method, notes) VALUES ('5a481a88-1f63-493e-95cf-bb9f845ee52f', '2ce17549-c5c1-4f8d-9177-09bb751caf33', '53a24ab5-8b46-46fc-bda1-c071a79757e7', NULL, 'Dr. Murilo', '2026-01-22', 750.0, 'pixInstallment', '', 1, 0, 0.0, 750.0, '191e21f4-daff-4df4-9b7c-4e95ca173d5b', 0.0, '', '');
INSERT INTO sale_products (id, sale_id, product_id, qty, cost_at_sale, session_type) VALUES ('4b9b5f75-7a68-4dd6-90e7-241b8842633d', '5a481a88-1f63-493e-95cf-bb9f845ee52f', '18727f89-f1c2-47f6-a51a-ef8180bdfa8d', 0, 0, 'initial');
INSERT INTO sales (id, patient_id, service_id, appointment_id, professional, date, price, payment_method, card_brand, installments, paid_installments, credit_fee_rate, net_amount, location_id, down_payment_amount, down_payment_method, notes) VALUES ('5b0deb45-d1c9-4d62-98d3-68f1d9cb7088', '41ed164e-e44f-40eb-8933-2dbbc2be0b84', 'e659b4bf-e7e4-43ea-8db6-756bd6c3e618', NULL, 'Dr. Murilo', '2026-01-23', 1800.0, 'credit', '', 1, 1, 0.0, 1747.62, '191e21f4-daff-4df4-9b7c-4e95ca173d5b', 0.0, '', '');
INSERT INTO sale_products (id, sale_id, product_id, qty, cost_at_sale, session_type) VALUES ('5e13d6b4-6d63-40cd-a004-fa24c39b4b69', '5b0deb45-d1c9-4d62-98d3-68f1d9cb7088', '0974ed72-51f4-4458-8621-2ce4594e222d', 0, 0, 'initial');
INSERT INTO sales (id, patient_id, service_id, appointment_id, professional, date, price, payment_method, card_brand, installments, paid_installments, credit_fee_rate, net_amount, location_id, down_payment_amount, down_payment_method, notes) VALUES ('a9961219-aa4a-4189-8c64-8109e0778248', '759f3805-5ea1-4660-85a9-70d38ba975e9', 'ea71da92-d37c-414a-a783-360a25933755', NULL, 'Dr. Murilo', '2026-01-25', 800.0, 'pixInstallment', '', 2, 0, 0.0, 800.0, '191e21f4-daff-4df4-9b7c-4e95ca173d5b', 0.0, '', '');
INSERT INTO sale_products (id, sale_id, product_id, qty, cost_at_sale, session_type) VALUES ('4ffc2ebb-c1f1-4ddf-abd5-4461a3bc8ea7', 'a9961219-aa4a-4189-8c64-8109e0778248', '0ffbf799-9da4-4f0a-ba23-658cb10e40d4', 0, 0, 'initial');
INSERT INTO sales (id, patient_id, service_id, appointment_id, professional, date, price, payment_method, card_brand, installments, paid_installments, credit_fee_rate, net_amount, location_id, down_payment_amount, down_payment_method, notes) VALUES ('1a77ff34-afdf-4862-b113-18db7c74ad9f', '5153026d-86a8-498a-af61-88d56103cc1a', 'ea71da92-d37c-414a-a783-360a25933755', NULL, 'Dr. Murilo', '2026-02-27', 899.0, 'pix', '', 1, 1, 0.0, 899.0, '191e21f4-daff-4df4-9b7c-4e95ca173d5b', 0.0, '', '');
INSERT INTO sale_products (id, sale_id, product_id, qty, cost_at_sale, session_type) VALUES ('86bff8f9-ef69-498b-a272-cd903d7dad74', '1a77ff34-afdf-4862-b113-18db7c74ad9f', '0ffbf799-9da4-4f0a-ba23-658cb10e40d4', 0, 0, 'initial');
INSERT INTO sales (id, patient_id, service_id, appointment_id, professional, date, price, payment_method, card_brand, installments, paid_installments, credit_fee_rate, net_amount, location_id, down_payment_amount, down_payment_method, notes) VALUES ('017dc8b2-f16e-4884-a14a-34280713e3d7', 'c50b920b-d58e-4cff-bb8a-c4bfb1d143ec', 'ea71da92-d37c-414a-a783-360a25933755', NULL, 'Dr. Murilo', '2026-03-04', 790.0, 'pix', '', 1, 1, 0.0, 790.0, '191e21f4-daff-4df4-9b7c-4e95ca173d5b', 0.0, '', '');
INSERT INTO sale_products (id, sale_id, product_id, qty, cost_at_sale, session_type) VALUES ('47c8bdd3-fb5e-4895-9cce-1a5f12d9aabb', '017dc8b2-f16e-4884-a14a-34280713e3d7', '0ffbf799-9da4-4f0a-ba23-658cb10e40d4', 0, 0, 'initial');
INSERT INTO sales (id, patient_id, service_id, appointment_id, professional, date, price, payment_method, card_brand, installments, paid_installments, credit_fee_rate, net_amount, location_id, down_payment_amount, down_payment_method, notes) VALUES ('fa1acc4d-74e5-4c6c-985c-8cf10c4e42dc', 'c506b21b-d3f0-428a-b27e-0c9600680ffc', 'ea71da92-d37c-414a-a783-360a25933755', NULL, 'Dr. Murilo', '2026-03-04', 1100.0, 'pixInstallment', '', 2, 0, 0.0, 1100.0, '191e21f4-daff-4df4-9b7c-4e95ca173d5b', 0.0, '', '');
INSERT INTO sale_products (id, sale_id, product_id, qty, cost_at_sale, session_type) VALUES ('b5007b4c-e977-4b22-9ed1-5f95e8f94494', 'fa1acc4d-74e5-4c6c-985c-8cf10c4e42dc', '0ffbf799-9da4-4f0a-ba23-658cb10e40d4', 0, 0, 'initial');

-- Total de vendas inseridas: 234
-- Linhas ignoradas: 3
--   linha 48: Melissa Oris - boleto ignorado
--   linha 49: Melissa Oris - boleto ignorado
--   linha 230: Eliane de Geus sem valor cobrado - ignorado